"Variables ->";"x";"";"";"";"";"";"";"";"";"";"";"";"";"";"";"";"";"";"";"";"";"";"";"";"";"";"";"";"";"";"";"";"";"";"";"";"";"";"";"";"";"";"";"";"";"";"";"";"";"";"";"";"";"";"";"";"";"";"";"";"";"";"";"";"";"";"";"";"";"";"";"";"";"";"";"";"";"";"";"";"";"";"";"";"";"";"";"";"";"";"y";"";"a";"";"";"";"";"";"";"";"";"";"";"";"";"";"";"";"";"";"";"";"";"";"";"";"";"";"";"";"";"";"";"";"";"";"";"";"";"";"";"";"";"";"";"";"";"";"";"";"";""
"Comments ->";"";"";"";"";"";"";"";"";"";"";"";"";"";"";"";"";"";"";"";"";"";"";"";"";"";"";"";"";"";"";"";"";"";"";"";"";"";"";"";"";"";"";"";"";"";"";"";"";"";"";"";"";"";"";"";"";"";"";"";"";"";"";"";"";"";"";"";"";"";"";"";"";"";"";"";"";"";"";"";"";"";"";"";"";"";"";"";"";"";"";"";"";"";"";"";"";"";"";"";"";"";"";"";"";"";"";"";"";"";"";"";"";"";"";"";"";"";"";"";"";"";"";"";"";"";"";"";"";"";"";"";"";"";"";"";"";"";"";"";"";"";""
"Class[Size] ->";"Series[20-by-3-by-5-by-6]";"";"";"";"";"";"";"";"";"";"";"";"";"";"";"";"";"";"";"";"";"";"";"";"";"";"";"";"";"";"";"";"";"";"";"";"";"";"";"";"";"";"";"";"";"";"";"";"";"";"";"";"";"";"";"";"";"";"";"";"";"";"";"";"";"";"";"";"";"";"";"";"";"";"";"";"";"";"";"";"";"";"";"";"";"";"";"";"";"";"Series[20-by-1-by-2]";"";"double[33-by-5-by-10]";"";"";"";"";"";"";"";"";"";"";"";"";"";"";"";"";"";"";"";"";"";"";"";"";"";"";"";"";"";"";"";"";"";"";"";"";"";"";"";"";"";"";"";"";"";"";"";"";""
"2001Q1";2.82000589e-01;9.05051982e-01;1.68660038e-01;3.60595569e-01;4.01691347e-01;3.28828808e-01;5.72649645e-01;5.39779435e-02;4.36638841e-01;9.08187762e-02;8.05059914e-01;6.85718484e-01;5.90896884e-02;6.10991649e-04;9.34713500e-02;5.49359179e-01;3.59833954e-01;9.00055029e-02;7.20288250e-05;1.86240478e-01;5.56965754e-01;3.83540627e-01;7.71633774e-01;2.42606110e-01;9.44536086e-01;2.36049391e-01;3.24805589e-01;1.98884290e-01;7.08696964e-01;1.47603559e-01;9.53546299e-01;6.88930068e-01;7.83572548e-01;4.52272106e-01;9.62366812e-01;8.01057279e-01;5.22355257e-01;3.12765169e-01;6.34246157e-01;6.92202337e-02;8.14567191e-01;1.04401884e-01;6.43065694e-01;1.30172376e-01;1.20753173e-02;6.97287784e-01;4.07061637e-01;9.46551650e-01;9.21606727e-01;7.09039232e-01;1.00945161e-01;6.58966896e-01;9.94964452e-01;5.94627064e-01;8.84375082e-01;9.07755222e-01;6.09833416e-01;8.77756658e-01;8.27993962e-01;4.34876948e-02;3.07461524e-01;7.41531315e-01;5.62077006e-01;5.01786683e-01;5.18671498e-01;7.08945102e-01;1.07522011e-01;9.65786783e-01;9.27277914e-02;5.24913318e-01;3.48004501e-01;1.85630779e-01;5.23017668e-01;4.43383728e-01;7.85473845e-01;1.01756771e-01;5.04081622e-01;2.72418486e-01;3.76385291e-02;5.33218341e-01;1.18784850e-01;4.12787805e-01;2.65705910e-01;6.46606051e-01;6.15887955e-01;7.39345822e-01;6.83130831e-01;7.39929048e-01;5.57154905e-01;2.68798396e-01;9.71393473e-01;3.11366997e-01;1.59407794e-02;7.03018292e-01;5.13261048e-01;3.08527101e-01;8.17018868e-01;9.18427848e-01;1.03350580e-01;2.48823063e-01;1.10976373e-01;7.36510360e-01;5.43901432e-01;9.68084632e-01;7.31358777e-01;9.21523419e-01;3.60888569e-01;4.40143768e-01;8.89304407e-01;6.67343849e-01;5.39927850e-01;1.88310704e-01;5.47091863e-03;9.97421899e-01;1.46228423e-01;6.25618054e-01;3.85076766e-01;5.30835099e-01;9.32047677e-01;5.57152372e-01;1.14521307e-01;9.65841099e-01;7.82596347e-01;4.17260506e-01;7.42654088e-01;2.80520115e-01;3.41973568e-02;8.82293823e-01;5.59590120e-01;8.29736362e-01;8.93797455e-01;6.25047080e-01;2.32946649e-01;3.22322548e-01;2.88346654e-01;4.62777557e-02;9.42026273e-01;4.40107278e-01;7.95173130e-01;5.52660178e-01;9.70265983e-01;2.33429797e-01
"2001Q2";1.17855216e-02;7.00512270e-01;6.08930749e-01;2.66550572e-01;6.38177386e-01;5.48803127e-02;9.71328336e-01;5.93775230e-01;1.58584832e-01;7.53824095e-01;7.25169329e-01;7.54867757e-02;3.36362958e-01;4.97930144e-01;1.98964598e-01;3.10481852e-01;2.02149135e-01;2.82000166e-01;1.62853059e-02;8.22974375e-01;3.19029541e-01;4.38395770e-01;2.38015248e-01;5.07623658e-01;4.59361498e-01;5.90869144e-01;5.25289991e-01;2.38630483e-01;6.83631509e-01;3.55929314e-01;7.44441195e-01;6.55708938e-01;6.68220733e-01;3.36107435e-01;1.00661499e-01;6.10489673e-01;8.09465983e-01;5.16132580e-01;8.78755257e-01;3.54473056e-01;9.39636829e-01;2.53229703e-01;4.80649433e-01;2.53509052e-01;1.33625798e-01;7.47347026e-02;9.09590798e-01;5.33970681e-01;4.03005519e-01;3.80777517e-01;5.80776970e-01;9.72325107e-01;4.46642256e-01;6.51575432e-01;5.81903381e-01;7.17877131e-01;2.31797994e-02;9.89405363e-01;3.72674072e-01;1.21900246e-01;9.31875845e-01;4.76565117e-01;4.99944201e-01;3.74723194e-01;7.22059538e-02;6.15366634e-01;7.64735482e-01;7.00917554e-01;3.70596262e-01;4.01907782e-01;6.23393057e-01;5.68379886e-01;6.24864611e-01;8.52443810e-01;3.04881730e-01;5.40644676e-01;8.44781103e-01;3.86349313e-01;8.11861229e-01;7.83380021e-01;6.42651765e-01;8.46552419e-01;8.53651584e-01;9.90235190e-01;6.13520374e-01;9.76106596e-01;9.75320446e-01;4.05612692e-01;9.75225482e-01;9.16118918e-01;7.98676170e-01;4.51895691e-01;2.07333090e-01;7.63011209e-01;9.98663442e-01;7.13278843e-01;4.12926696e-01;4.67952658e-01;1.44664991e-01;3.44984889e-02;2.36482292e-01;1.23676174e-02;6.30413860e-01;6.97809704e-01;4.05046304e-02;9.63539849e-01;8.40326916e-01;3.66398728e-01;2.80975530e-01;6.53654793e-01;4.91170445e-01;8.59365046e-01;2.37438220e-01;8.83539372e-01;7.58809987e-01;7.87195262e-01;2.44875226e-01;5.46779793e-01;7.52837804e-01;7.27812925e-01;3.24525399e-01;4.97015445e-01;6.37881940e-01;7.08264077e-01;7.51448878e-03;7.36319544e-01;2.45095347e-01;7.08928260e-01;7.72435486e-01;3.92049337e-01;1.53119173e-01;7.82804394e-01;7.84226584e-01;8.01388134e-01;7.19264727e-01;5.17399870e-01;4.53397090e-01;9.96964175e-01;4.73413001e-01;2.38008390e-02;3.58625923e-01;1.45077628e-01
"2001Q3";1.03382245e-01;9.33905950e-01;5.04648824e-01;8.88917623e-01;7.00707962e-01;7.20569047e-01;9.35056921e-01;9.05649556e-01;8.86833801e-01;3.75705472e-01;3.56392497e-02;2.87184363e-01;9.42489053e-01;9.68371226e-01;3.60875780e-01;2.01810677e-01;2.91260940e-01;7.66953457e-01;2.59528594e-01;2.28845442e-01;4.11297175e-01;9.09194607e-03;6.25606926e-01;9.78058555e-01;7.90514771e-01;8.93509866e-01;1.80992615e-01;5.19193992e-01;7.60255777e-01;4.82084710e-01;2.45402566e-01;2.09322892e-01;3.74998097e-01;3.47434716e-01;9.00602997e-01;4.23729388e-01;4.23091695e-01;9.25913857e-01;1.16763530e-01;4.23064727e-01;6.04253435e-01;8.05251896e-01;6.12641951e-02;2.32312380e-01;6.32462499e-01;8.19463485e-02;8.61444007e-01;1.00444750e-01;9.09367566e-01;4.45110947e-01;1.04487346e-01;8.80703620e-01;5.52882046e-02;5.89430929e-01;7.16316908e-01;1.17553185e-01;9.05633988e-01;1.94376800e-01;6.97466567e-01;4.97378040e-01;7.99490888e-01;4.14747333e-01;8.64408855e-01;7.71578232e-01;6.62952548e-01;4.49571755e-01;8.96276746e-01;7.55355175e-02;5.30163450e-01;6.29230991e-01;8.58977005e-01;6.11125686e-02;4.75117877e-03;5.00862828e-01;7.34031863e-01;3.07530966e-01;9.45664210e-01;7.53610341e-01;4.53104594e-02;4.12335249e-01;1.62659157e-01;5.02364524e-01;4.19129084e-01;8.13094353e-01;9.68074641e-03;7.57398115e-01;6.68923691e-01;5.39227026e-01;7.08834126e-01;8.36647008e-01;5.24461851e-01;1.63435534e-01;5.82756748e-01;9.91561458e-01;7.18581754e-01;9.08119818e-01;6.00009636e-01;5.64516928e-01;8.60500103e-01;1.37272418e-01;1.74533947e-02;5.83642643e-01;8.89229107e-01;7.54875483e-01;9.45047538e-01;5.59166386e-02;1.61677254e-01;2.03925114e-01;3.20119170e-01;9.43238531e-01;1.96805728e-02;4.51930160e-01;9.93374541e-01;9.45504261e-01;4.07433421e-01;9.24701883e-01;8.10566231e-01;4.21724357e-02;6.43931515e-01;9.35243993e-01;6.12471177e-01;8.81525475e-01;5.30822621e-01;6.63034525e-01;7.68815106e-01;3.91644067e-01;6.56981386e-01;5.09681061e-01;5.69013987e-01;8.11427852e-01;4.59224711e-01;4.50361574e-01;2.71111477e-01;9.74180190e-01;7.89221611e-01;1.64619341e-01;1.92933480e-01;4.14735043e-01;2.55062386e-01;4.37174667e-01;8.73739216e-01;2.78427397e-01
"2001Q4";8.68195783e-01;5.26237434e-01;7.85649956e-01;3.75120962e-01;4.47920667e-01;7.91425931e-01;5.38076359e-01;8.28831639e-01;1.63700302e-01;8.87107801e-02;5.01725704e-01;5.92743665e-01;1.30239686e-01;2.40409084e-02;9.24142386e-01;4.99448453e-01;7.49698294e-01;1.95902659e-01;9.42766271e-01;9.05924772e-01;9.04450441e-01;1.72530774e-01;7.18001827e-01;4.57885450e-01;1.06920036e-01;6.50972264e-01;5.40998396e-01;6.18687804e-01;3.08315495e-02;5.66358784e-01;1.06104806e-01;9.54553527e-01;6.77985678e-02;4.36251885e-01;5.29958114e-01;4.62630062e-01;6.27125936e-01;5.34164659e-01;9.21574949e-01;4.96411923e-01;4.40326277e-01;3.04744708e-01;4.83247116e-01;2.50178570e-01;5.51587971e-01;6.23561243e-01;2.34818061e-01;4.51398113e-01;4.83588045e-01;2.31989555e-01;5.95872377e-01;7.04575896e-01;6.96427308e-01;1.59152703e-01;7.16578129e-01;8.70675758e-01;7.87376404e-01;8.19407666e-01;6.44952985e-01;7.00906522e-01;9.37407883e-01;8.27694635e-01;3.68596616e-01;1.89764038e-01;4.10109476e-01;7.27486794e-01;1.88642899e-01;9.42839686e-01;8.05926209e-02;6.31624583e-01;4.71568084e-01;6.83281588e-01;7.75370500e-01;1.12195491e-01;1.00197177e-01;1.51650796e-01;8.48311124e-01;4.93471035e-01;2.97524481e-01;9.09796016e-01;6.16721058e-02;2.29017973e-01;8.56867370e-02;9.13358585e-01;5.63145080e-01;2.06543163e-01;6.97432854e-01;1.58754268e-01;9.66405644e-01;9.30323811e-01;3.19553853e-01;2.27187492e-01;7.41225392e-01;7.19801469e-01;8.74894013e-01;4.44612975e-01;8.66781918e-02;6.36805064e-01;5.64737522e-01;2.50153755e-01;8.26806468e-01;6.95746363e-01;5.41687393e-01;1.43298959e-01;9.44057220e-01;2.93909146e-01;3.72807975e-01;8.31811454e-01;7.17339136e-01;6.06892979e-01;8.81859054e-01;5.59963212e-01;7.47199273e-01;9.51389522e-01;3.62170299e-01;9.27780499e-01;3.17180989e-01;8.11560093e-01;9.07924769e-01;2.63516556e-01;4.80821886e-01;4.91766285e-01;1.33060252e-01;5.39215633e-02;1.59157647e-01;7.82706300e-01;2.52518710e-01;8.18106280e-01;5.07136984e-01;9.10919760e-01;9.50913121e-01;1.58130635e-01;7.19640563e-01;3.67365171e-01;8.78689000e-01;8.21052941e-01;1.38247474e-01;5.12687839e-01;5.55376965e-01;2.20859666e-01;1.58092720e-01;2.81362113e-01
"2002Q1";1.46153437e-01;2.74741799e-01;1.40924131e-01;6.74372150e-01;2.75229036e-01;9.78241708e-01;9.17809188e-01;9.24612584e-01;1.73593946e-03;9.79480664e-01;9.28098729e-01;1.73189428e-01;7.56434846e-01;4.99930182e-01;4.39073042e-01;6.09161489e-01;7.89986290e-01;2.49294161e-02;4.00852617e-01;9.53525968e-01;8.66336458e-01;8.31992775e-02;2.18869451e-01;9.76305089e-01;7.60475408e-01;5.03890816e-01;2.93100388e-01;9.98819131e-02;6.20133742e-01;5.69844316e-01;9.99216953e-01;4.78356626e-01;6.47044121e-01;3.85624103e-01;8.19210341e-01;9.37697204e-01;1.80154243e-01;6.79580766e-01;6.04864760e-01;7.24506243e-01;7.39888241e-01;7.02052952e-01;6.38116997e-01;2.05073596e-01;2.52776597e-01;4.13062313e-01;5.64607997e-01;7.48551503e-01;4.09133979e-01;5.83899822e-01;4.78109753e-01;8.33577815e-02;2.37662575e-01;4.21328992e-02;3.79148558e-01;6.59577533e-02;5.08551758e-01;6.14209695e-01;2.53306736e-02;3.23076572e-01;6.19280569e-01;5.24447881e-01;9.03520682e-01;4.76994450e-01;2.59837403e-01;9.84814250e-01;6.73522485e-01;9.62462716e-01;7.04305184e-01;3.42676170e-01;6.90719627e-01;6.68725902e-01;2.12395693e-01;7.91401319e-01;1.72767080e-01;4.22622506e-01;5.44018208e-01;6.65179426e-01;3.03917509e-01;1.20651033e-01;5.58503499e-01;7.12042689e-01;9.35458023e-01;5.59122149e-01;8.54077200e-01;1.75012144e-01;2.47502484e-01;9.69613467e-01;8.99623769e-01;8.86399300e-01;8.38202785e-01;4.30758705e-02;5.26429394e-01;4.56974821e-01;4.26527368e-01;7.74459740e-01;1.17317124e-01;6.87418761e-01;1.00553340e-01;3.80230412e-01;4.92611346e-01;6.00635701e-03;9.76396265e-01;8.29783496e-01;9.02357966e-02;9.84431624e-01;6.17739952e-01;5.57875911e-01;5.72472689e-01;5.43409711e-01;3.21427317e-01;6.88779210e-01;8.90657379e-02;2.31158591e-02;8.99354195e-01;9.90067948e-01;5.61341569e-01;6.53743594e-01;3.34303858e-01;1.89285784e-01;1.81389510e-01;7.13625488e-01;2.73619949e-01;7.89570203e-01;5.84016393e-01;2.13451143e-02;4.67566756e-01;5.68199350e-02;9.35382173e-01;8.10551334e-01;5.92857814e-01;9.24032474e-01;5.81921664e-01;9.11015135e-01;6.68648287e-01;7.66442991e-01;4.80575833e-01;1.51867388e-01;9.63260298e-01;6.93098142e-01;8.15072225e-01;4.18354255e-01
"2002Q2";7.01149638e-01;2.30589965e-01;3.44247298e-01;3.23816236e-01;6.70610033e-02;9.91867388e-02;7.61201252e-01;4.10950514e-01;8.64359375e-01;6.77175752e-01;2.47995056e-01;2.10984802e-01;6.65980136e-02;4.16243019e-01;3.77115769e-01;8.07782121e-01;9.94149943e-01;1.31739434e-01;1.49944599e-01;5.01517748e-01;9.22533962e-01;6.55128160e-01;4.89280810e-01;4.35760367e-02;9.72741378e-01;6.44391897e-01;9.64987551e-01;4.06239897e-01;5.16744137e-01;8.01289565e-01;6.63763142e-01;4.61529088e-01;4.43387405e-01;6.27548632e-01;7.50698611e-01;9.12637236e-01;6.57492795e-01;1.12459868e-01;4.50651535e-02;9.21897634e-01;2.54254319e-01;6.78950283e-01;3.85150117e-01;7.89085151e-01;3.96922889e-01;4.18704818e-01;5.00374741e-01;5.32086726e-01;6.99064524e-01;1.42341370e-02;8.16292303e-01;4.41776547e-01;2.99688767e-01;1.37024734e-01;1.54267680e-01;1.34683542e-03;7.54616528e-01;2.35228078e-01;2.97734018e-01;1.28640271e-02;3.67810923e-01;4.76244953e-01;6.15303697e-01;5.81160149e-01;7.63629423e-01;5.34476060e-01;5.15889801e-01;3.88752813e-01;3.46971589e-01;9.56659595e-01;9.37588255e-02;1.34199749e-01;2.03978553e-01;9.34826880e-01;9.25115561e-01;3.24211472e-01;5.20839568e-01;9.01870446e-01;5.36385113e-01;8.72466541e-01;1.44377985e-01;4.32182295e-01;8.23568078e-01;3.12862808e-01;4.51890915e-01;9.10821864e-01;8.72526137e-01;5.65561736e-01;5.80171289e-01;7.64556537e-01;6.10586373e-02;2.98196771e-01;9.57767067e-01;5.13866676e-01;4.64590754e-01;5.68064063e-01;9.91475150e-01;7.19463683e-02;6.30719448e-01;9.37942904e-01;5.12552566e-01;5.21462981e-01;3.92380405e-01;3.14418657e-01;1.36973428e-01;2.90064420e-01;1.93326878e-01;9.21202648e-01;8.05537198e-01;5.99880584e-01;6.48868105e-01;7.87401245e-01;6.90724273e-02;4.62259987e-01;4.57343747e-01;9.20339002e-01;2.92743766e-01;5.92959144e-01;3.99386166e-01;2.70369861e-01;2.10694211e-01;3.79205531e-01;9.66514227e-01;2.90657801e-01;9.85889228e-01;8.49893980e-02;8.13001083e-01;2.64680026e-01;4.36129626e-01;3.22239502e-01;2.52295606e-01;9.51705966e-01;8.93657002e-01;6.40715911e-01;3.14853846e-01;1.53463727e-01;6.49145391e-02;4.53804169e-01;1.62685757e-01;6.46749248e-01;2.88515874e-01;3.17142601e-02
"2002Q3";6.46832327e-01;3.11587322e-01;1.45325743e-01;8.09219753e-01;5.19137370e-01;6.99109718e-01;9.78683996e-01;5.62411171e-01;9.74035998e-01;8.28843060e-01;9.21126515e-01;8.91494847e-01;9.48011789e-01;8.27178758e-01;4.74801579e-01;6.15424961e-01;8.76899339e-01;3.49006751e-01;3.04963049e-01;3.32119020e-01;5.63737483e-01;4.34908387e-01;8.85911692e-01;5.52151040e-01;9.21252808e-02;7.59260403e-01;3.51069274e-01;9.71186369e-01;5.70985478e-01;8.17235177e-01;4.69558946e-01;4.81158721e-01;1.50112917e-01;7.06893411e-01;8.88182495e-01;6.05599160e-01;2.96844748e-01;6.06591108e-01;3.47138309e-02;6.91337323e-01;4.00190969e-01;2.81346316e-01;2.61991544e-01;4.65000917e-01;1.74401969e-01;5.40147857e-01;9.47568511e-01;9.28460931e-01;8.40148428e-01;4.08549114e-01;5.73702261e-01;5.21985414e-04;2.56047748e-01;2.82666422e-01;1.57501854e-01;3.06666209e-01;6.11006620e-01;7.92113800e-01;9.05624424e-01;6.50776004e-01;4.09297367e-01;8.60786635e-01;7.72101707e-01;8.57357185e-01;8.80711987e-01;7.79881635e-01;8.61963399e-01;5.76941986e-01;1.12291994e-01;3.33344736e-01;5.75977534e-02;8.93096714e-01;7.94802144e-01;8.55887687e-01;7.88422493e-01;5.56406856e-01;5.26217662e-01;3.34291069e-01;1.20199152e-01;6.51388207e-01;3.68281800e-01;4.15946010e-01;9.32452541e-01;4.43956657e-01;3.38305581e-01;2.69600142e-01;7.76567421e-01;1.30138473e-01;7.13341306e-01;6.07903761e-01;2.05266786e-01;4.73401974e-01;9.85953720e-01;3.55211568e-01;1.34122714e-01;1.05543067e-01;6.53879721e-01;9.79962680e-01;4.81537012e-01;3.47105239e-02;2.26207948e-01;8.37311099e-01;3.30053227e-01;5.40767935e-01;3.65721940e-01;7.73956279e-02;4.58745915e-01;7.55348542e-01;5.68305755e-01;2.91012100e-01;8.09931765e-01;7.99497084e-01;7.93389424e-01;7.08772832e-01;1.66898643e-01;4.31128040e-01;8.06031049e-01;7.20712110e-01;6.96661843e-01;1.48272399e-01;1.78333990e-01;8.86455619e-01;5.17662223e-01;1.10114083e-01;9.83546790e-03;2.42748917e-01;3.11516976e-01;2.39502000e-01;7.56711902e-01;6.57467398e-01;7.70254795e-01;3.86190260e-01;6.13056244e-01;8.61096658e-02;3.68147496e-01;8.49807739e-01;8.66540618e-01;9.62781693e-01;5.69453192e-01;4.19309916e-01;5.17894364e-02;4.26891250e-01
"2002Q4";2.08106450e-01;3.65666929e-01;4.88421473e-01;8.91755287e-02;5.55938612e-01;1.35815745e-01;4.19187866e-01;6.61729732e-01;7.21574676e-01;9.62632312e-01;1.51939760e-01;8.77964125e-01;6.53670672e-01;7.18715074e-01;8.46390586e-02;4.05622486e-01;2.06707706e-01;6.89532782e-01;1.65690879e-01;1.94519596e-01;1.86324617e-01;6.42484804e-01;9.99571153e-01;8.75377742e-01;3.75688124e-01;3.28924025e-01;4.33298408e-01;6.50546831e-01;5.79934694e-01;5.06060747e-01;6.74116562e-02;1.49787325e-01;7.24371977e-02;2.39850883e-01;8.13418173e-01;8.79410273e-01;9.89251151e-01;2.79682478e-01;1.26885638e-01;7.96299311e-01;7.83227953e-01;1.94928810e-01;6.07802697e-01;7.98108312e-02;7.62548928e-01;7.48183459e-02;1.63225850e-02;3.94918272e-01;1.90819446e-01;3.83371217e-01;2.10623455e-01;6.78622315e-01;8.71461994e-02;7.56924895e-01;4.62561252e-01;3.96320343e-01;4.22152649e-01;4.33431398e-01;6.58229843e-01;1.89907648e-01;7.19574289e-01;1.30659997e-01;7.31571067e-01;6.71455924e-01;5.48361158e-01;9.91527969e-01;2.98154935e-01;8.17161550e-01;9.41900668e-01;6.71041822e-01;8.25201590e-01;1.69664360e-01;2.69900436e-01;1.55006608e-01;7.78826240e-01;1.84440132e-01;6.25082609e-01;2.95570646e-01;7.95266833e-01;4.31495690e-01;2.01191775e-01;9.31265025e-01;6.37030681e-01;2.65958061e-01;8.51685014e-02;1.89430931e-01;1.40080568e-01;5.31001261e-01;8.43687251e-01;7.47671081e-01;2.84192059e-01;3.43706734e-01;7.98410114e-01;4.84576669e-01;9.17478233e-02;4.05424962e-01;6.36177752e-01;6.17268869e-02;8.55017282e-01;3.78162495e-01;1.82389721e-01;5.76272450e-02;5.02711162e-01;6.50747014e-02;1.33929450e-01;3.59342088e-01;7.44620716e-01;8.08673626e-01;8.58264472e-01;4.73820976e-01;9.21492853e-01;9.34078229e-01;4.47957300e-03;8.82460774e-01;3.44455816e-01;7.77670869e-01;1.84547801e-01;3.96979801e-01;2.44157128e-01;1.64361144e-01;9.89046125e-01;7.44444246e-01;4.98151758e-01;8.84593092e-01;4.30036457e-01;2.80557549e-01;1.84150405e-01;7.91103555e-01;4.13822563e-01;1.09954257e-01;9.12884061e-01;8.70496586e-01;8.34043932e-01;5.23339891e-01;4.51826457e-01;2.91806812e-01;1.63026964e-01;2.47729761e-02;7.00458148e-01;8.88771475e-01;1.88378973e-01;5.34539576e-02
"2003Q1";3.83580768e-01;9.94546279e-01;4.69850460e-01;3.40745833e-01;8.08721281e-01;3.15608171e-01;1.84720530e-01;1.58211206e-01;7.20655002e-01;6.31220742e-01;2.29850438e-01;1.85557525e-01;1.03246429e-01;4.19728453e-02;4.77895532e-01;4.71122293e-01;2.10289352e-01;9.56064977e-02;3.74145836e-01;7.91152406e-02;6.76591826e-01;5.17914819e-01;7.86560246e-01;2.99477845e-01;5.15796598e-01;5.48180369e-01;8.45059950e-01;7.82912147e-01;2.09967187e-01;5.03100666e-01;5.09314320e-01;1.16231777e-01;7.68263937e-01;6.93345819e-01;2.22763701e-01;3.23082593e-01;4.50211830e-01;1.15334742e-01;8.65356810e-01;8.37247331e-01;7.14600000e-01;2.69523504e-01;4.16923352e-01;5.64506985e-02;7.93040064e-01;5.70403323e-01;3.09617881e-01;1.60158286e-01;8.66435181e-01;1.43651701e-01;4.31053104e-01;7.74835138e-01;5.67422722e-01;4.15021943e-01;3.50163678e-02;2.85917727e-01;2.46584927e-01;1.29681508e-01;3.01986430e-01;5.20247348e-01;6.33282868e-01;1.24568863e-01;9.73556162e-01;1.93448099e-01;4.51463292e-01;6.36587178e-01;3.03296904e-01;7.65435269e-02;2.07345838e-01;2.61736390e-02;9.07902321e-02;5.44109958e-01;8.30791216e-01;8.13005806e-02;8.77306257e-01;2.14903051e-01;2.78808700e-01;6.18101091e-01;5.02550755e-01;1.37163086e-01;1.80243907e-04;1.47120381e-01;9.86515234e-01;1.42715878e-01;8.94882941e-01;4.35445814e-01;2.52781990e-01;2.37427002e-01;6.88287019e-01;2.98198738e-01;7.32999788e-01;8.28788041e-01;7.27252659e-01;7.11223008e-01;4.81753317e-01;3.35978376e-01;8.66653552e-01;2.81563914e-01;9.21326258e-01;1.78250769e-01;9.21935433e-01;3.81555849e-01;7.71235087e-01;2.67766462e-01;5.02179216e-01;3.29352290e-01;8.02418490e-01;6.16721577e-01;4.70133000e-01;6.10243268e-01;8.01718206e-01;7.00758236e-01;2.15007430e-01;1.27627559e-01;5.03950051e-02;4.19223307e-01;2.09392168e-02;2.14938495e-01;3.16230798e-01;7.99359239e-01;5.11231757e-01;8.67977653e-01;2.85346085e-01;5.81985222e-01;4.49388729e-01;2.80336668e-01;5.59920856e-01;1.93995050e-01;7.77184074e-01;8.27261121e-01;4.02061421e-01;7.38892512e-01;7.64716949e-01;1.27995245e-01;9.14985000e-01;7.23020414e-01;4.01156100e-01;1.14717236e-03;6.91453065e-01;5.74746959e-01;6.75573045e-01;9.37590069e-01
"2003Q2";7.93801028e-01;1.52972879e-01;8.40545142e-01;5.00815576e-01;6.08346237e-01;4.12889103e-01;8.87303616e-01;8.62546882e-01;5.49941363e-01;2.84911942e-02;8.35895660e-01;3.01752305e-01;4.00267557e-01;7.64568328e-01;7.71286306e-01;7.30651510e-03;9.42625649e-01;4.99219573e-01;6.64229641e-01;1.63638366e-01;3.57300935e-01;1.31622755e-01;1.62831086e-01;6.29439550e-02;3.95778004e-03;7.61658675e-01;3.40332160e-01;7.99824412e-02;8.27015343e-01;7.06115813e-01;5.52881551e-01;6.83567788e-01;1.77788061e-01;1.95071317e-01;1.51706593e-01;7.72006527e-01;3.51380139e-01;8.73229002e-01;5.24084628e-01;4.70498168e-02;6.66565256e-01;1.59353054e-01;3.64237559e-01;6.48436601e-01;4.78364333e-01;8.30906274e-01;9.66422007e-01;8.46490195e-01;6.16756923e-01;7.39853054e-01;4.32794269e-01;9.11877321e-01;2.66136634e-01;1.45650190e-01;7.26494157e-01;6.49054410e-01;2.06306830e-01;5.70250017e-01;5.80839309e-01;9.26399530e-01;5.73626130e-01;1.32166440e-01;7.91409585e-01;9.33514919e-01;9.35262107e-01;2.73273628e-01;2.21104393e-01;8.65312972e-01;9.80482151e-03;8.61773105e-01;2.06378406e-01;3.46139604e-02;9.97261401e-01;6.28262216e-01;9.09720936e-01;5.65261608e-01;5.21886779e-01;1.82479196e-01;2.27985155e-01;1.84174877e-02;8.10000646e-01;1.98381992e-02;6.29251568e-01;7.67051636e-01;4.44706251e-01;9.12408479e-01;5.57079811e-01;8.60022986e-01;1.62469694e-01;7.21261312e-01;5.70368366e-01;1.42740256e-01;1.56386507e-01;8.18152614e-01;9.30291490e-01;2.59097163e-01;2.76173096e-01;4.60476911e-01;3.25589508e-01;3.48429751e-02;9.45292801e-01;5.19813869e-01;5.87253464e-01;3.55767764e-01;7.16152212e-01;6.29421847e-01;6.88128623e-01;6.78338101e-01;7.82063635e-01;7.59545015e-01;3.78168405e-01;7.24174541e-01;2.73529816e-01;3.32788956e-01;9.35862362e-02;6.63852720e-01;3.81052303e-01;6.26701998e-01;7.07296977e-01;2.26242946e-01;9.99929840e-01;2.48695784e-01;3.20815990e-01;6.24804480e-01;7.18063304e-02;3.27197443e-01;2.20540348e-01;8.51870912e-01;4.07334651e-01;5.71813608e-01;9.31719732e-01;9.61096472e-01;2.89892329e-01;4.80543652e-02;6.87273600e-01;5.03761634e-01;7.07351361e-01;5.31622237e-01;8.69247546e-01;2.49445161e-01;6.73907738e-01;9.43608090e-01
"2003Q3";7.72928850e-01;8.32394740e-01;5.32600870e-01;1.31790742e-01;5.07269941e-01;2.57243264e-02;9.73619074e-01;4.07163432e-01;6.02019487e-01;4.95744116e-01;7.82431797e-01;3.49300134e-01;5.70209005e-01;1.83027430e-01;1.49806218e-01;4.36607455e-01;6.66904086e-01;1.31973852e-01;7.31659648e-01;6.32862098e-01;1.80178878e-01;4.29288890e-01;6.26922276e-01;5.93990699e-01;9.47384163e-01;1.51479749e-01;6.51618845e-01;4.80561157e-01;3.18357480e-01;5.36434254e-01;3.12897277e-01;8.55523783e-01;2.15282153e-01;4.37817378e-01;7.63139345e-01;3.51985611e-01;5.84959660e-01;6.69188018e-01;1.88158844e-01;8.56471086e-01;3.67150912e-01;2.60762866e-01;5.00793321e-02;1.18908537e-01;8.56222233e-02;2.96285413e-01;8.48384436e-01;1.63749739e-01;4.42252854e-01;3.24788634e-01;8.71234146e-01;3.54249485e-01;3.20248195e-02;7.34016713e-01;7.51872651e-01;2.60230674e-01;3.23514540e-01;1.27837071e-01;3.70651569e-01;4.67533978e-01;8.14430409e-01;6.52713228e-01;4.60158814e-01;5.98932044e-01;8.34134293e-02;6.03079864e-01;1.39834049e-01;1.81371604e-01;8.68563027e-01;3.35173380e-01;7.93240020e-01;8.14564113e-01;3.95376158e-01;9.69567432e-02;9.30386003e-01;9.08646935e-01;3.30241610e-01;2.12147071e-01;8.31282013e-01;3.65738629e-01;9.03070174e-01;4.24017483e-01;4.29087218e-01;6.09008182e-01;8.93581933e-01;1.90121345e-01;5.09845321e-01;9.19889660e-01;1.40397593e-01;9.01460214e-01;6.23925388e-01;8.74434546e-02;8.48997956e-01;7.37460869e-01;4.47108962e-01;4.65985376e-01;6.65981585e-01;8.17869300e-01;9.52579244e-01;8.75616077e-01;5.55973913e-01;8.27914694e-01;6.88743401e-01;5.37225474e-02;6.24656327e-01;4.13607075e-01;3.51530337e-01;9.86870723e-01;9.94368442e-01;3.50529151e-01;8.08853670e-01;1.94527606e-01;7.03610492e-01;2.85173393e-01;1.63680812e-01;1.95440063e-01;1.28474722e-01;8.20094318e-01;5.29294728e-01;6.68479726e-02;2.29514448e-01;9.32682934e-01;9.26926981e-01;1.16232218e-01;4.89054003e-01;6.98372854e-01;1.95152238e-01;9.99119623e-01;3.51046791e-01;2.73155727e-01;6.72514840e-01;8.34568868e-01;7.68040418e-01;2.22069697e-01;7.89944048e-01;7.42196355e-01;4.06581140e-01;7.87633643e-01;3.17368612e-02;4.38723910e-01;5.82115826e-01;5.71515951e-01
"2003Q4";7.81708645e-01;2.73750945e-01;8.17333495e-01;9.65592176e-01;5.42091380e-01;6.19033827e-01;8.53902036e-01;8.01940315e-01;1.06059291e-01;1.83727403e-01;6.99906498e-01;1.77002239e-01;6.31990991e-01;5.96058332e-01;3.03555942e-01;1.60362536e-01;8.98116222e-02;6.26848011e-01;1.34969291e-01;7.58380509e-01;4.13463733e-01;9.93449421e-01;3.26389010e-01;1.90723875e-01;4.51524225e-01;9.15525118e-01;5.27396724e-01;6.65199208e-02;4.42515204e-01;9.06600068e-01;3.62363453e-01;1.44654876e-01;5.73174673e-01;6.54311226e-01;9.67611501e-01;3.11801063e-01;8.83599834e-01;1.44147299e-01;8.33421601e-02;4.03042595e-01;1.79291481e-01;1.15548988e-01;5.04814495e-01;4.98410119e-01;6.18172304e-01;6.44059415e-01;9.93054275e-02;8.54057731e-01;6.53959541e-01;3.82944091e-01;7.46995107e-01;5.43832766e-01;6.40086762e-01;6.69501112e-01;4.50590004e-01;9.86043713e-01;3.56828353e-01;2.17928054e-01;1.69071948e-01;8.67891468e-01;1.46367806e-01;9.78226934e-01;7.64924034e-01;6.53895318e-01;3.68041309e-01;6.36040354e-01;9.59011735e-01;8.34674083e-01;6.78634588e-01;9.20069313e-01;6.81731553e-01;5.95102466e-01;8.99642657e-01;3.34327240e-02;4.04005720e-01;6.99899701e-01;2.75094907e-01;8.06352672e-01;1.13443360e-01;1.73088825e-02;4.40653393e-01;9.46802112e-01;2.77017327e-01;2.17773278e-01;5.27175169e-01;7.09018702e-01;9.76013183e-01;5.85038512e-01;3.45575702e-01;4.40693536e-02;2.56718980e-01;9.06386530e-01;5.15506502e-02;9.48058349e-01;3.10738077e-01;5.75794242e-01;7.46811772e-02;1.75803214e-01;7.33431997e-01;9.71014803e-01;6.24551113e-01;9.26025710e-01;1.34535455e-01;4.43574315e-01;1.08263373e-01;5.78385540e-01;5.34497804e-01;1.45417449e-02;5.48072060e-01;9.38406913e-01;3.91798449e-02;8.86305743e-01;8.06096123e-01;2.28669325e-01;6.31816880e-01;1.73631588e-01;2.56615010e-02;5.70348950e-01;9.80050373e-01;2.00156261e-01;9.95125552e-01;2.43803703e-02;8.15837725e-01;2.36921261e-01;8.70044405e-02;3.15419562e-01;3.11424915e-01;5.61170484e-01;8.88890668e-01;9.50163090e-02;9.30032347e-01;4.01085237e-01;2.01088923e-01;2.14773887e-01;6.66232636e-01;1.98713366e-01;7.55883422e-01;2.43199416e-01;6.04565926e-02;4.00734687e-01;1.32601122e-01;7.70530472e-01
"2004Q1";5.09818464e-01;9.12694589e-01;7.54529445e-01;4.08580410e-01;4.53695133e-01;5.00886260e-01;4.81292915e-02;1.83191836e-01;6.88636001e-01;6.14370253e-01;8.47886262e-01;1.79903564e-01;2.69768085e-01;5.99531461e-01;9.84892458e-01;4.69196545e-01;4.89026116e-01;5.43859846e-01;2.48427926e-01;4.86071666e-01;8.00962103e-01;3.80656519e-01;5.99535059e-01;2.95746816e-01;9.83142232e-01;7.36302868e-01;6.74691535e-02;4.34643187e-01;1.83902321e-01;9.49071702e-01;7.49235825e-01;4.43210388e-01;6.36462190e-01;1.95287731e-01;9.05200376e-01;8.09263258e-01;8.12359546e-01;7.80206816e-01;2.76640518e-01;5.63159878e-01;4.42694258e-01;5.47918336e-01;6.20373732e-01;6.18809707e-01;9.71544643e-01;1.37842463e-01;4.15200420e-02;8.43160061e-01;1.18436352e-01;9.89047055e-01;3.96642254e-01;6.53163642e-01;6.00901915e-01;6.35469360e-01;2.86862969e-01;6.72909600e-01;4.07999940e-01;4.67756479e-01;4.14200025e-02;4.21944614e-01;2.66377411e-01;5.88634151e-01;9.72103064e-01;3.75428718e-01;3.31318289e-02;9.11085806e-01;6.80682869e-01;8.41035554e-01;1.71704979e-01;2.46079637e-01;4.69990585e-01;4.05800373e-01;5.30843392e-01;3.23610048e-01;2.89149432e-01;8.85462204e-01;3.72911318e-01;1.08718738e-01;9.99324941e-01;4.71443461e-01;3.65834351e-01;7.30770379e-01;8.29330431e-01;4.69354480e-01;4.53006435e-01;7.63643857e-01;7.79913525e-01;3.40986828e-01;8.12736933e-01;3.42488143e-01;1.69569651e-01;9.03755486e-01;6.44258798e-01;3.51053206e-01;2.44197616e-01;8.54367089e-01;5.48682932e-02;2.60635981e-02;8.99155771e-02;5.80812763e-01;6.25691209e-01;5.39236645e-01;9.85234415e-01;5.61998114e-01;3.66413814e-01;4.77513364e-01;3.00911954e-01;2.30602899e-01;4.55711761e-01;1.42445787e-01;2.04812393e-01;4.69387344e-01;6.59626873e-01;5.55531502e-01;7.43317245e-01;9.56456279e-01;4.22075057e-01;7.04469142e-01;3.65480021e-01;9.17156643e-01;8.15382941e-01;7.83494837e-01;8.31326545e-01;9.92784699e-01;7.29255725e-01;8.97506683e-01;6.52780755e-01;3.72300561e-01;5.03805586e-02;2.24997730e-01;7.29874483e-01;5.05240885e-01;8.67114643e-01;5.71454221e-01;5.70165244e-02;8.10912667e-01;8.58922838e-01;9.16705970e-01;5.25756826e-01;4.94227001e-01;6.90779355e-01;2.90899254e-01
"2004Q2";2.56949415e-01;4.71703207e-01;3.90275829e-02;9.71234782e-01;2.71281193e-01;3.44786979e-01;2.02442744e-01;9.87721381e-01;8.25553008e-01;3.78410973e-01;1.29640174e-01;7.81446710e-01;7.40094366e-01;8.47317912e-01;3.96156882e-01;8.16438804e-01;1.54458227e-01;6.03794576e-01;9.76380650e-01;2.67413715e-01;2.51283273e-01;8.38938980e-01;7.48605545e-01;2.35395200e-01;2.33125148e-01;9.08631860e-01;3.02564020e-01;5.46133203e-01;2.64318455e-01;5.98677819e-01;8.01693903e-01;1.74459102e-02;2.19651351e-01;7.74542053e-01;1.94670126e-01;5.24892978e-01;6.82773623e-01;3.89133341e-01;1.00638950e-01;1.27034748e-02;8.13598889e-01;6.60056282e-01;9.46696363e-01;2.26976123e-01;5.01096473e-01;8.44528959e-01;9.09121059e-01;4.84470537e-01;7.12026533e-01;6.23000512e-01;1.66463041e-01;1.77535515e-01;1.91066283e-01;5.42845797e-01;1.42328388e-01;6.67248293e-01;5.14403905e-01;4.89737482e-01;9.82373966e-01;8.87616384e-01;3.74482146e-01;4.17233600e-01;2.56031150e-01;3.28070374e-01;4.60045633e-02;6.15642307e-01;8.04794309e-01;5.08617501e-01;1.76661085e-01;7.76584198e-02;8.97768629e-01;6.44035210e-01;8.22506289e-02;6.45051073e-01;7.68709322e-01;7.43194598e-01;9.86322016e-01;6.77312106e-01;7.58302327e-01;1.31659258e-01;3.64805048e-01;3.11908597e-01;9.29460959e-01;7.94678680e-01;1.41357018e-02;2.72145952e-01;2.42947828e-01;9.94179456e-01;4.96104976e-03;2.38400661e-01;2.39346659e-01;2.34562064e-01;4.41882142e-01;6.67875162e-01;9.40256194e-01;2.86808098e-02;8.66962129e-01;9.42775582e-01;3.63367780e-01;3.69378969e-01;2.92310420e-01;4.69330297e-01;8.39058254e-01;9.70202092e-01;9.85287492e-02;7.03045746e-01;9.77472698e-01;3.30985891e-01;8.61244595e-01;3.51639352e-01;6.81419236e-01;9.07410832e-01;4.69420368e-01;4.69818264e-01;7.79221486e-01;9.85036614e-01;8.52404484e-01;7.23368580e-01;6.19840639e-01;3.00199302e-01;1.69326764e-01;1.54659476e-01;9.27397166e-01;8.54400408e-01;3.32308058e-01;6.10451308e-01;3.73749796e-01;9.94219343e-01;4.84535018e-01;1.37905068e-01;5.91812787e-01;6.46380999e-01;6.02290471e-01;4.31926165e-01;6.45613398e-02;8.48226685e-01;8.38549730e-01;5.78540873e-01;3.64003705e-01;4.08061712e-01;1.89374420e-02;9.33174953e-02
"2004Q3";5.99831230e-01;9.86114975e-01;1.04367729e-01;6.37089937e-01;8.29182047e-01;7.79633587e-03;8.30521066e-01;8.59947605e-01;7.88005349e-01;6.33008955e-01;1.61468836e-01;6.76220794e-01;3.73751032e-01;8.59377807e-01;6.63702698e-01;5.47094382e-01;8.75527798e-01;8.04541219e-01;7.03845551e-01;6.21517731e-01;6.64988187e-01;4.86896649e-02;8.62531945e-01;6.30802540e-01;3.67392273e-01;6.08880809e-01;4.93999480e-01;8.57275611e-01;7.33385009e-02;7.26439084e-01;6.00696780e-01;9.15446502e-02;4.46574341e-01;6.47693359e-02;1.51592169e-01;3.63615540e-01;9.94155033e-01;3.14907007e-01;8.91260067e-01;7.85373032e-01;1.50752135e-01;4.41363703e-01;7.46479637e-01;9.62253975e-01;4.75812345e-01;8.24135454e-01;5.53816187e-01;7.73952383e-01;1.02940654e-01;4.03976518e-01;5.41832770e-01;9.84787191e-01;6.87911995e-01;2.52067974e-01;4.93704444e-01;7.89356230e-01;9.08794570e-01;1.93454104e-01;5.84894422e-01;3.71493462e-01;1.03060277e-01;8.96153471e-03;9.15739568e-01;3.21138991e-02;6.40589959e-01;9.43664883e-01;5.36206205e-01;5.20019017e-01;8.95855283e-01;2.83444210e-01;4.08529877e-01;3.66343101e-01;4.18549400e-01;5.84276094e-01;9.43880400e-01;4.44681521e-01;7.53353546e-01;1.94884596e-01;5.18459882e-01;8.44852877e-01;2.87874792e-01;1.55075123e-01;9.54575562e-01;5.86073057e-01;2.67827089e-01;2.95073918e-01;8.86795650e-02;6.81116455e-01;2.37733729e-01;7.06927136e-02;9.10347815e-02;5.07804289e-01;1.33188477e-02;8.88166939e-01;3.42696831e-01;7.34123924e-01;8.88068989e-01;3.88270389e-01;4.24718063e-01;9.13281092e-01;9.01075997e-01;5.11788255e-01;3.45711676e-02;9.02706797e-02;8.13984073e-01;9.22698951e-01;4.42657304e-01;2.47391737e-01;7.36434414e-01;5.53384998e-01;6.20491007e-01;5.41308638e-01;7.63320694e-01;2.64562268e-01;5.20808341e-01;9.41377832e-01;1.77466721e-01;6.39071780e-01;8.80268076e-01;5.19547349e-01;7.94337763e-01;7.32551118e-02;7.63247527e-01;9.10232106e-01;4.56731230e-01;2.05446830e-01;8.25409904e-01;6.38921187e-01;8.09971035e-01;1.87896235e-01;1.10654939e-01;7.73965828e-01;4.33151527e-01;2.19113140e-01;2.06083496e-01;1.55881551e-01;6.76258810e-01;8.40661760e-01;5.34637588e-01;8.61292735e-01;1.11765773e-01;8.71449052e-01
"2004Q4";5.64558599e-01;8.72783107e-02;2.90106831e-01;4.60620011e-01;4.72837821e-01;6.87940190e-01;3.23366517e-01;8.23835382e-01;1.00266988e-01;8.47139703e-01;2.01684323e-01;5.39551941e-01;7.72975463e-01;1.53144977e-01;7.71884649e-01;4.13587377e-02;8.84823261e-01;5.22394696e-01;4.27592250e-01;8.39980359e-01;1.76964887e-01;1.79801075e-01;6.15274953e-02;3.77705656e-02;2.62838515e-01;6.25592042e-01;6.68417397e-01;3.92213310e-01;7.49524691e-01;4.27282836e-01;2.96024503e-01;6.80157006e-01;7.09183398e-01;3.05026655e-02;4.68427909e-01;6.39097900e-01;2.20541112e-01;8.61111624e-01;8.65174682e-01;4.85541235e-01;2.06927623e-02;4.89151080e-01;8.85279402e-01;7.50001261e-01;9.99243915e-01;7.52667672e-01;8.42346093e-01;8.45433741e-01;5.67206863e-01;2.32312078e-01;2.02546143e-02;2.73248298e-03;3.10483274e-01;7.39003916e-02;3.65109878e-01;6.94047212e-02;1.16941006e-01;1.20132191e-01;6.18133172e-01;1.32446468e-01;7.39374775e-01;8.95842432e-01;3.34589868e-01;4.38448380e-01;5.10186471e-01;2.55734041e-01;8.21455821e-01;3.66895297e-01;8.09771183e-02;3.02941558e-01;6.58548409e-01;9.99970330e-01;1.89042427e-02;6.72176986e-01;2.79396664e-01;1.18603197e-01;4.45989993e-01;3.71789583e-01;4.76624747e-01;9.57406593e-01;8.35093715e-01;9.89112602e-01;1.66917024e-01;9.13567297e-01;7.98662588e-01;9.61220913e-01;8.03446230e-01;1.78858000e-01;3.18660374e-02;4.48427431e-01;8.54844127e-01;5.50627484e-01;1.48038793e-01;6.89326098e-01;8.68964109e-01;2.31432951e-01;9.81383635e-01;1.32117616e-01;9.85766957e-01;6.37571529e-01;2.00597295e-02;9.41637682e-01;7.18326894e-02;1.72428090e-02;9.99101418e-01;3.05225655e-01;2.83780047e-01;4.66372955e-01;3.65236996e-01;9.49366923e-01;8.62480110e-01;1.49139722e-01;5.89632611e-01;9.35517230e-01;2.24216554e-02;3.01473270e-01;1.13164025e-01;5.45895781e-01;5.32933939e-01;9.82642547e-01;3.76326301e-01;8.55590517e-01;7.11941166e-01;6.68481065e-01;4.75366218e-01;9.47417098e-01;4.84590598e-01;4.50150508e-01;4.44674130e-01;1.52870347e-01;7.85780948e-01;9.13801614e-01;3.44524273e-01;4.85475047e-01;5.17922794e-01;6.95214529e-01;5.20654029e-01;4.37764679e-03;7.01270873e-01;9.08811900e-01;9.50502315e-01;3.49795106e-01
"2005Q1";3.54461627e-01;6.03705395e-01;5.44702602e-01;2.51561075e-01;6.43563190e-01;3.50026678e-01;8.88261182e-01;4.05605888e-01;9.15502295e-01;7.51361012e-01;5.32146319e-01;6.21309803e-01;7.42735727e-01;7.35486331e-01;6.13809283e-01;2.79794358e-01;6.59268137e-01;1.01046930e-01;1.43809291e-01;1.98222331e-01;4.32085536e-01;7.03209453e-01;6.07305938e-01;4.49087811e-01;1.32478244e-02;3.57687859e-01;9.96312445e-01;8.29373049e-01;3.90930857e-01;8.69710592e-03;6.77370525e-01;9.42603344e-01;1.82302774e-02;9.98174276e-01;9.09657081e-01;1.94016317e-01;9.19066197e-01;9.15190417e-01;2.88340612e-01;3.31839839e-01;8.08635285e-01;9.52299544e-01;4.50386053e-01;3.88372815e-01;7.17081629e-01;9.16812100e-01;3.13495759e-01;3.99737443e-01;7.37329625e-01;9.65621804e-01;1.20340384e-01;1.95769576e-01;4.26497713e-01;3.87181623e-01;7.80876595e-01;2.43245588e-01;1.80036871e-01;6.75584601e-01;2.80019774e-01;4.29369383e-01;3.26016745e-01;9.75285788e-01;1.81453225e-01;8.21108401e-01;5.61797910e-01;1.98205896e-01;2.62433225e-01;9.23601464e-01;7.18434494e-02;6.22157852e-01;9.58419435e-01;7.06045228e-01;9.01521294e-01;7.92688820e-01;3.71130440e-01;9.39269613e-01;8.45778067e-01;5.39717753e-01;2.72508160e-01;1.96130426e-01;9.75880411e-01;8.52898524e-01;1.80367339e-01;7.52013230e-01;2.05368270e-01;2.13397249e-01;7.03194470e-01;2.35843969e-01;6.76942674e-01;7.06376732e-02;8.79460228e-01;6.38331282e-01;6.17940178e-01;7.62773346e-01;9.30200778e-01;7.80909489e-01;8.98204072e-01;8.25308985e-01;7.80150368e-01;4.70290927e-01;1.68293188e-01;6.76516663e-02;8.42064905e-02;2.31177463e-01;6.38624400e-01;5.36404589e-01;6.76443470e-01;1.71563314e-01;9.39058626e-01;6.79232013e-01;4.56941544e-01;8.67799507e-01;7.42500320e-01;9.68884848e-01;5.99494002e-01;9.26621426e-01;1.33952369e-01;1.27529697e-01;1.24714455e-01;5.21100395e-01;5.04046123e-01;5.42270934e-01;1.17171059e-02;7.81568066e-01;4.76996351e-01;5.75459057e-01;8.68988847e-01;7.44279402e-01;5.44042513e-01;2.77901786e-01;6.13306626e-01;7.03107267e-01;5.34153601e-02;2.82418497e-01;8.85833446e-02;6.23609450e-01;9.52252525e-01;6.50592308e-01;3.38293823e-01;6.76143134e-01;2.55557818e-01;6.62080963e-01
"2005Q2";1.61061308e-01;3.83313690e-02;1.21529717e-01;1.77961790e-01;5.96709211e-01;9.82074249e-01;1.32053042e-01;6.86301996e-02;3.61976273e-01;3.75479697e-01;8.77484640e-01;2.62260845e-01;9.43976326e-01;8.63617720e-01;1.77951745e-01;5.27410953e-02;2.70009668e-02;6.78406474e-01;4.58539678e-01;7.86983009e-01;9.58202272e-02;2.97854917e-01;4.15069896e-01;2.13747694e-01;7.03773138e-02;8.85553441e-01;6.35410869e-01;2.58576309e-01;6.23286006e-01;5.30961615e-01;4.00205264e-01;4.63852074e-01;5.57472405e-01;6.93787118e-01;1.90164973e-01;7.31766417e-01;8.95068151e-01;2.72336221e-01;1.21825487e-01;5.24252112e-01;3.52615762e-01;1.97769584e-01;5.77330286e-01;2.93978104e-01;4.69785621e-01;4.51399846e-01;5.20028922e-01;5.59929551e-01;9.18967881e-01;1.44812842e-01;6.34114109e-01;4.68250048e-01;3.81517658e-01;9.54673500e-01;1.39423937e-01;5.09871330e-01;4.69114806e-01;9.90159679e-01;9.02236175e-01;3.90001315e-01;5.95406875e-01;9.91416598e-01;4.34338227e-01;6.52298415e-01;2.81449177e-01;4.43870088e-01;6.95705111e-01;7.00227684e-01;2.34353313e-02;5.81783799e-01;3.01820367e-01;1.96801622e-01;3.74958930e-01;3.80194291e-01;2.73214576e-01;5.96451947e-01;5.01424382e-01;2.51138421e-01;9.63162459e-01;7.37741783e-01;2.14290529e-01;6.73597474e-01;9.47705162e-01;8.09328514e-01;6.42816703e-01;3.80588136e-01;9.25652461e-01;7.36396755e-01;8.51611156e-01;9.04037970e-01;6.91377714e-01;5.72789897e-01;9.33647932e-01;5.52320602e-01;3.37452429e-01;6.78218044e-01;1.27804305e-01;8.57983216e-01;5.55390736e-01;8.90064182e-01;5.42705463e-01;1.62390122e-01;3.20618580e-01;6.41452606e-02;3.05069762e-01;6.74854099e-01;4.71245698e-01;9.46895468e-01;6.79617836e-01;2.19675558e-01;9.02151917e-01;7.47398353e-01;6.15703660e-01;2.15723249e-01;3.38166672e-01;5.30584145e-01;1.52841400e-01;1.67574996e-02;8.10377267e-01;5.67585904e-01;1.89186378e-01;5.19114722e-01;3.75795496e-01;9.12278166e-01;3.77707095e-01;1.41344765e-01;6.08822337e-01;2.47914969e-01;4.67429797e-01;6.71274239e-01;3.52596782e-01;6.23571868e-01;3.18623413e-01;4.80052526e-01;5.88371676e-01;4.49470987e-04;7.44258566e-01;2.59606728e-01;9.76579299e-01;3.83472523e-01;9.53363795e-01;3.59255168e-01
"2005Q3";5.23343444e-01;2.93856005e-01;6.05665328e-01;5.89022736e-01;1.35949957e-01;8.16550089e-01;9.53848517e-01;6.10717218e-01;3.24669041e-01;6.88029890e-01;5.87854155e-01;3.12181597e-01;9.78028495e-02;9.49396481e-01;1.95102153e-02;3.51584022e-01;9.58045716e-01;8.18544349e-01;6.00254770e-01;5.38390976e-01;3.00953434e-01;4.23246138e-01;4.14068919e-01;3.87787089e-01;3.78267188e-01;2.63908791e-01;7.71094111e-01;5.06619853e-02;1.46135237e-01;2.14766480e-01;5.46537430e-01;9.58737304e-01;5.48332413e-01;9.48369817e-01;6.68821744e-01;2.62873291e-01;8.90937665e-01;8.54449753e-01;7.32349032e-01;7.96325994e-01;2.21141870e-01;8.37140125e-01;6.22461325e-01;8.98229677e-01;1.90106737e-02;7.05915961e-01;1.95353200e-01;5.17271652e-01;8.79612556e-01;4.01017437e-01;4.84786480e-01;5.56886473e-01;6.24681677e-01;2.41730758e-02;7.46410299e-01;8.65727440e-01;3.12141804e-01;6.57187024e-01;4.39975283e-01;9.82533974e-01;8.91891068e-01;9.22279845e-01;7.60573360e-01;9.94471020e-01;6.78728330e-01;8.77171704e-01;8.51031526e-01;9.90728655e-01;5.72508605e-01;6.92317260e-01;7.24855790e-01;8.29573141e-01;1.18435260e-02;7.92933156e-02;4.73539218e-01;3.31012660e-01;5.51871664e-01;7.19149790e-01;3.19446824e-01;5.55879921e-02;6.66012469e-01;2.69521410e-01;6.32070939e-01;7.27014474e-01;6.93670806e-01;6.67731328e-01;4.02483813e-01;5.55455505e-01;7.69413387e-01;4.51074876e-01;2.36390556e-01;5.31469413e-01;6.38591021e-01;6.75122867e-02;2.71167108e-01;1.62593083e-01;1.55063608e-01;7.68513184e-01;6.32749197e-01;1.79336481e-01;1.05305412e-01;7.73770666e-01;1.61725920e-01;5.04105456e-01;8.54111933e-01;8.15035910e-01;7.52203460e-01;3.62284248e-01;6.22793235e-02;6.55159575e-01;1.33411292e-01;7.70195261e-01;2.85151253e-01;1.61925951e-01;7.84383499e-01;8.60270701e-01;5.23783260e-01;5.74438114e-01;4.42320105e-01;2.23026931e-01;6.71058018e-01;1.41560602e-01;9.38164421e-01;1.97849854e-01;9.99288857e-01;3.26803927e-01;8.45979840e-01;8.12487665e-01;1.24395452e-01;1.06809965e-01;6.23317404e-01;9.68110727e-01;3.03318717e-01;6.84166718e-01;6.51778716e-01;4.95447373e-01;7.22403839e-01;7.29388906e-01;6.49650809e-01;8.71696668e-01;5.07471603e-01;1.64995882e-01
"2005Q4";1.54839369e-01;4.85322716e-01;6.60071822e-01;1.59518093e-01;2.48614950e-01;4.36568478e-01;2.31057674e-01;9.90980396e-01;9.56651179e-01;5.26697288e-02;3.25854601e-01;8.53710234e-01;3.19352385e-01;3.83236482e-01;1.97754529e-01;1.40361106e-01;6.45956262e-01;3.76017509e-01;7.54137809e-01;5.09034408e-01;7.19703673e-01;5.33774349e-01;3.73026255e-01;3.36611882e-02;5.59876964e-01;1.04616866e-01;2.58546484e-01;9.13977255e-01;3.72181310e-01;1.83301524e-01;6.45852110e-01;4.98677773e-01;9.73111432e-03;8.87913930e-01;4.49875387e-01;2.38120674e-01;2.82683773e-01;6.62455854e-02;2.41506822e-01;6.68552435e-01;8.11127041e-01;2.98992151e-01;2.39398707e-01;3.85997321e-01;5.15276933e-01;6.76358292e-01;1.31213282e-02;2.92225178e-01;3.70251309e-01;5.32050176e-01;9.94832225e-01;2.54103853e-01;7.84547521e-01;5.91344453e-01;6.20603178e-01;9.97390544e-01;9.31957936e-01;2.26411452e-01;2.42692907e-01;9.79575318e-01;2.87898487e-01;1.82156610e-01;9.16358483e-01;5.99872699e-01;6.26863259e-01;3.48390147e-01;8.71533741e-02;9.68966243e-01;3.25391036e-01;1.43561300e-01;7.51902270e-01;3.02488531e-01;5.01149980e-01;4.34191850e-01;9.60544203e-01;2.93001356e-01;7.42758880e-01;3.21164202e-01;4.52952282e-01;5.14493784e-01;4.40748838e-01;9.02549903e-01;5.46436384e-01;8.45381651e-01;9.70727511e-02;3.74158543e-01;2.55174178e-01;3.96262617e-02;5.76447128e-01;5.27843602e-01;6.15783651e-01;9.19103019e-01;9.19933703e-01;5.74937400e-01;5.26121712e-01;2.50034097e-01;8.13458206e-01;8.89361413e-01;9.05659150e-02;8.00322066e-01;3.90882680e-02;7.21342215e-01;5.28893251e-02;2.33783306e-01;9.36674014e-01;7.11306491e-01;2.90036487e-01;8.57679752e-02;9.19091481e-01;6.80342406e-01;2.04322657e-01;2.40331008e-01;1.22657277e-01;4.56089553e-01;8.95872572e-01;2.72944938e-01;4.98440339e-01;4.04645795e-01;4.29015490e-01;3.70640948e-01;7.76470243e-01;6.68953828e-02;5.11691482e-01;7.16998736e-01;6.49408863e-01;3.52609894e-01;3.60513411e-02;4.60236372e-01;2.50088000e-01;4.93791334e-01;4.74485098e-01;7.88271564e-02;7.71816873e-01;1.98031827e-01;3.60464530e-01;4.14266772e-01;1.25648387e-01;3.39188494e-01;9.45817519e-01;1.77917810e-01;4.38358591e-01;6.12866530e-01
"";NaN;NaN;NaN;NaN;NaN;NaN;NaN;NaN;NaN;NaN;NaN;NaN;NaN;NaN;NaN;NaN;NaN;NaN;NaN;NaN;NaN;NaN;NaN;NaN;NaN;NaN;NaN;NaN;NaN;NaN;NaN;NaN;NaN;NaN;NaN;NaN;NaN;NaN;NaN;NaN;NaN;NaN;NaN;NaN;NaN;NaN;NaN;NaN;NaN;NaN;NaN;NaN;NaN;NaN;NaN;NaN;NaN;NaN;NaN;NaN;NaN;NaN;NaN;NaN;NaN;NaN;NaN;NaN;NaN;NaN;NaN;NaN;NaN;NaN;NaN;NaN;NaN;NaN;NaN;NaN;NaN;NaN;NaN;NaN;NaN;NaN;NaN;NaN;NaN;NaN;NaN;NaN;7.40788585e-01;1.99391355e-01;5.98748582e-01;9.75376363e-01;5.20082530e-01;6.97592514e-01;6.70896740e-01;9.12283462e-01;3.22640079e-01;7.14243079e-01;9.81675265e-01;9.84996594e-01;6.60889191e-02;7.74838422e-01;7.59272411e-01;9.67542757e-01;1.84332884e-01;6.91445464e-02;8.87474314e-01;1.36429121e-01;4.78810291e-01;2.54821294e-01;4.25906462e-01;9.42576963e-01;5.65597728e-01;9.17925070e-01;1.45490346e-01;5.05839690e-01;1.40249308e-01;2.08262283e-01;3.76841455e-01;2.13398925e-01;5.99506543e-02;5.71588873e-01;4.35982640e-01;7.38939342e-01;4.45734973e-01;6.27882153e-02;6.25942340e-01;1.95237290e-01;9.68879416e-01;1.59290458e-01;6.66680163e-01;5.47980663e-02;5.88034709e-01;1.48938135e-01;6.39714666e-01;1.05504486e-01;2.46523550e-01;8.12427322e-02
"";NaN;NaN;NaN;NaN;NaN;NaN;NaN;NaN;NaN;NaN;NaN;NaN;NaN;NaN;NaN;NaN;NaN;NaN;NaN;NaN;NaN;NaN;NaN;NaN;NaN;NaN;NaN;NaN;NaN;NaN;NaN;NaN;NaN;NaN;NaN;NaN;NaN;NaN;NaN;NaN;NaN;NaN;NaN;NaN;NaN;NaN;NaN;NaN;NaN;NaN;NaN;NaN;NaN;NaN;NaN;NaN;NaN;NaN;NaN;NaN;NaN;NaN;NaN;NaN;NaN;NaN;NaN;NaN;NaN;NaN;NaN;NaN;NaN;NaN;NaN;NaN;NaN;NaN;NaN;NaN;NaN;NaN;NaN;NaN;NaN;NaN;NaN;NaN;NaN;NaN;NaN;NaN;3.78653545e-01;5.18193832e-01;5.64627849e-01;7.71878084e-01;7.92210669e-01;6.51274038e-01;3.07789217e-02;7.90941404e-01;9.20883260e-01;6.85282595e-01;6.95637318e-01;6.05634836e-01;7.29650973e-01;8.59281101e-01;7.01550867e-01;2.57647776e-01;4.68806852e-01;1.08637729e-01;3.27364458e-01;7.88004545e-01;5.03381610e-01;2.65933014e-01;9.98145019e-01;5.19914918e-01;4.43026908e-01;1.16288633e-01;2.21376404e-01;4.56061794e-01;3.18906843e-02;3.44506816e-01;5.81695045e-01;7.09949661e-01;1.80742892e-01;6.93724402e-01;8.93169888e-01;5.48532224e-01;1.88483375e-01;5.34194053e-01;6.41241782e-01;7.52587952e-01;1.00574184e-01;8.75038189e-01;4.27639712e-01;5.68523034e-01;2.16684730e-01;3.60769278e-01;5.79295516e-02;1.45378872e-01;8.67515242e-01;9.47845157e-01
"";NaN;NaN;NaN;NaN;NaN;NaN;NaN;NaN;NaN;NaN;NaN;NaN;NaN;NaN;NaN;NaN;NaN;NaN;NaN;NaN;NaN;NaN;NaN;NaN;NaN;NaN;NaN;NaN;NaN;NaN;NaN;NaN;NaN;NaN;NaN;NaN;NaN;NaN;NaN;NaN;NaN;NaN;NaN;NaN;NaN;NaN;NaN;NaN;NaN;NaN;NaN;NaN;NaN;NaN;NaN;NaN;NaN;NaN;NaN;NaN;NaN;NaN;NaN;NaN;NaN;NaN;NaN;NaN;NaN;NaN;NaN;NaN;NaN;NaN;NaN;NaN;NaN;NaN;NaN;NaN;NaN;NaN;NaN;NaN;NaN;NaN;NaN;NaN;NaN;NaN;NaN;NaN;3.61414974e-01;9.51449440e-01;1.24145071e-01;8.47867129e-01;6.08396468e-01;4.36775870e-01;5.57882088e-01;8.12520741e-01;7.04746999e-01;3.62877458e-01;7.10775306e-01;4.78654418e-01;8.03489248e-01;2.75786257e-01;5.89010866e-01;4.90498504e-02;3.62654967e-01;5.03933048e-01;1.98300253e-01;8.87543248e-01;2.27245694e-01;9.90796835e-01;8.30768500e-01;4.81509367e-01;4.18373835e-01;5.52617826e-01;3.78650643e-01;9.27032613e-01;5.65560557e-01;5.71035428e-01;7.70730138e-02;7.31447926e-01;3.82527688e-01;4.58510048e-01;3.02862272e-01;5.67416949e-01;6.46484343e-01;5.49415369e-01;8.87683776e-01;5.30568898e-01;9.54028262e-01;6.47486790e-01;8.45108830e-01;8.66878527e-01;3.44836052e-02;1.27564631e-02;4.25410272e-01;3.28270923e-01;3.89343812e-01;6.25406108e-01
"";NaN;NaN;NaN;NaN;NaN;NaN;NaN;NaN;NaN;NaN;NaN;NaN;NaN;NaN;NaN;NaN;NaN;NaN;NaN;NaN;NaN;NaN;NaN;NaN;NaN;NaN;NaN;NaN;NaN;NaN;NaN;NaN;NaN;NaN;NaN;NaN;NaN;NaN;NaN;NaN;NaN;NaN;NaN;NaN;NaN;NaN;NaN;NaN;NaN;NaN;NaN;NaN;NaN;NaN;NaN;NaN;NaN;NaN;NaN;NaN;NaN;NaN;NaN;NaN;NaN;NaN;NaN;NaN;NaN;NaN;NaN;NaN;NaN;NaN;NaN;NaN;NaN;NaN;NaN;NaN;NaN;NaN;NaN;NaN;NaN;NaN;NaN;NaN;NaN;NaN;NaN;NaN;9.26660254e-01;1.18268409e-01;5.67014290e-01;3.69647843e-01;7.67146796e-01;4.96503414e-01;9.90818727e-01;6.09530464e-01;6.38796472e-01;3.39470421e-02;2.34658118e-01;7.99632401e-01;7.87347725e-02;1.82148113e-01;2.90427053e-01;9.68631630e-02;4.80523798e-01;6.04161806e-01;2.69279968e-01;3.53378101e-01;5.79748902e-01;5.59070157e-01;6.28841617e-01;2.69316258e-01;7.98237669e-01;2.45091621e-01;6.28738919e-01;7.13605652e-01;6.94966422e-01;8.33643930e-01;4.23549087e-01;4.44545478e-01;5.05927210e-01;2.95484634e-01;3.37495432e-01;8.88156325e-01;2.32931733e-01;8.35701802e-01;7.42378655e-02;9.02200918e-01;8.78131052e-01;5.77477564e-01;1.52987660e-02;9.55126796e-01;9.98811381e-01;8.91331288e-03;4.72805002e-01;8.16158131e-01;9.07696657e-02;2.79573873e-01
"";NaN;NaN;NaN;NaN;NaN;NaN;NaN;NaN;NaN;NaN;NaN;NaN;NaN;NaN;NaN;NaN;NaN;NaN;NaN;NaN;NaN;NaN;NaN;NaN;NaN;NaN;NaN;NaN;NaN;NaN;NaN;NaN;NaN;NaN;NaN;NaN;NaN;NaN;NaN;NaN;NaN;NaN;NaN;NaN;NaN;NaN;NaN;NaN;NaN;NaN;NaN;NaN;NaN;NaN;NaN;NaN;NaN;NaN;NaN;NaN;NaN;NaN;NaN;NaN;NaN;NaN;NaN;NaN;NaN;NaN;NaN;NaN;NaN;NaN;NaN;NaN;NaN;NaN;NaN;NaN;NaN;NaN;NaN;NaN;NaN;NaN;NaN;NaN;NaN;NaN;NaN;NaN;4.07949181e-01;9.68609863e-01;4.72831174e-01;6.76765164e-01;9.41276782e-01;4.72907795e-01;2.65357620e-01;9.00322724e-01;8.63809305e-02;8.98086734e-01;7.85434279e-01;3.68935554e-01;4.68056584e-01;3.49295006e-01;8.74121108e-02;4.41561806e-01;2.32123661e-02;7.25659778e-02;5.41383785e-01;5.37995039e-01;2.60994434e-01;8.47806832e-01;7.87792689e-01;6.23716582e-01;3.87655855e-01;1.76036447e-01;6.93119526e-01;6.70954541e-01;7.50892517e-01;9.48031511e-01;7.53174664e-01;8.65799806e-01;8.95993201e-01;7.57118340e-01;4.99262976e-01;2.16694786e-01;1.38305567e-01;4.56995654e-01;6.48375846e-01;4.84563529e-01;5.61652025e-01;5.74685567e-01;7.50097567e-01;5.24124104e-01;3.77636053e-01;3.88561281e-01;9.55867750e-01;6.60464124e-01;3.31383873e-01;4.99538133e-01
"";NaN;NaN;NaN;NaN;NaN;NaN;NaN;NaN;NaN;NaN;NaN;NaN;NaN;NaN;NaN;NaN;NaN;NaN;NaN;NaN;NaN;NaN;NaN;NaN;NaN;NaN;NaN;NaN;NaN;NaN;NaN;NaN;NaN;NaN;NaN;NaN;NaN;NaN;NaN;NaN;NaN;NaN;NaN;NaN;NaN;NaN;NaN;NaN;NaN;NaN;NaN;NaN;NaN;NaN;NaN;NaN;NaN;NaN;NaN;NaN;NaN;NaN;NaN;NaN;NaN;NaN;NaN;NaN;NaN;NaN;NaN;NaN;NaN;NaN;NaN;NaN;NaN;NaN;NaN;NaN;NaN;NaN;NaN;NaN;NaN;NaN;NaN;NaN;NaN;NaN;NaN;NaN;1.60932639e-02;8.60626832e-01;2.69707126e-01;4.31674779e-01;6.64024782e-01;5.83220938e-01;3.28694522e-01;2.74938794e-02;2.30404444e-01;1.12685951e-03;7.98491945e-01;6.51629399e-01;6.87714398e-01;9.25304909e-01;2.23851508e-01;6.13741188e-01;1.67948903e-01;6.22332530e-01;7.35860041e-02;4.01759352e-01;5.22782021e-02;3.25935974e-01;9.82830138e-01;9.55392859e-01;5.77855022e-01;9.27509272e-01;3.46974326e-01;1.64473296e-01;6.86323850e-01;5.46193309e-01;5.55767679e-01;7.72423584e-01;2.84609360e-01;9.84365749e-01;3.02968394e-01;6.12462774e-01;5.17313486e-02;6.54809551e-01;6.19057810e-01;9.76665272e-01;1.46189122e-01;3.78139779e-01;8.19977802e-01;7.81223016e-01;9.59807453e-01;8.86974603e-01;5.71388916e-01;2.37109572e-01;7.76290314e-01;6.99297108e-01
"";NaN;NaN;NaN;NaN;NaN;NaN;NaN;NaN;NaN;NaN;NaN;NaN;NaN;NaN;NaN;NaN;NaN;NaN;NaN;NaN;NaN;NaN;NaN;NaN;NaN;NaN;NaN;NaN;NaN;NaN;NaN;NaN;NaN;NaN;NaN;NaN;NaN;NaN;NaN;NaN;NaN;NaN;NaN;NaN;NaN;NaN;NaN;NaN;NaN;NaN;NaN;NaN;NaN;NaN;NaN;NaN;NaN;NaN;NaN;NaN;NaN;NaN;NaN;NaN;NaN;NaN;NaN;NaN;NaN;NaN;NaN;NaN;NaN;NaN;NaN;NaN;NaN;NaN;NaN;NaN;NaN;NaN;NaN;NaN;NaN;NaN;NaN;NaN;NaN;NaN;NaN;NaN;8.80115845e-02;5.63701856e-02;9.83945231e-01;6.53943737e-01;7.36243402e-01;7.21389109e-01;9.98424553e-01;2.31508181e-01;3.21208838e-01;9.18375789e-01;1.69012727e-01;7.25647658e-02;8.42972309e-02;3.80161328e-01;8.68586340e-01;1.56370571e-01;7.78550219e-01;2.88745115e-01;6.97238550e-01;9.78495061e-02;2.80904515e-01;2.35387629e-01;1.79322063e-01;4.37746650e-01;3.55528163e-01;1.23536837e-01;7.12408619e-01;1.41320694e-01;4.97956771e-01;8.92825138e-01;1.46230506e-01;1.94288307e-01;5.78960835e-01;4.51360687e-01;1.89401251e-01;2.18832773e-01;7.72311586e-01;9.75025476e-01;4.30382926e-01;2.26438239e-01;7.23181457e-01;7.63941576e-01;1.11761335e-01;3.79487072e-02;4.23520960e-01;9.42693263e-01;3.67391168e-02;7.04806669e-01;8.27829918e-01;7.93448656e-01
"";NaN;NaN;NaN;NaN;NaN;NaN;NaN;NaN;NaN;NaN;NaN;NaN;NaN;NaN;NaN;NaN;NaN;NaN;NaN;NaN;NaN;NaN;NaN;NaN;NaN;NaN;NaN;NaN;NaN;NaN;NaN;NaN;NaN;NaN;NaN;NaN;NaN;NaN;NaN;NaN;NaN;NaN;NaN;NaN;NaN;NaN;NaN;NaN;NaN;NaN;NaN;NaN;NaN;NaN;NaN;NaN;NaN;NaN;NaN;NaN;NaN;NaN;NaN;NaN;NaN;NaN;NaN;NaN;NaN;NaN;NaN;NaN;NaN;NaN;NaN;NaN;NaN;NaN;NaN;NaN;NaN;NaN;NaN;NaN;NaN;NaN;NaN;NaN;NaN;NaN;NaN;NaN;7.05901462e-01;8.10177925e-01;2.12994150e-01;6.79111807e-01;2.51177771e-01;5.23653597e-01;6.61814751e-01;9.44445443e-01;4.09384318e-01;3.44131392e-01;3.81693137e-01;1.25019562e-01;9.44204417e-01;5.10274134e-01;2.02060546e-01;4.54333189e-01;5.21375043e-01;3.88702949e-02;6.39007852e-01;7.91818372e-01;7.65973892e-01;7.26507780e-01;4.33294967e-01;8.72422936e-01;4.55553183e-01;8.02137622e-01;2.15976681e-01;3.41172022e-01;4.40825363e-01;8.02754958e-01;1.94548296e-01;4.29037161e-01;9.92703077e-01;2.12299545e-01;6.38852087e-01;7.64854350e-01;7.07023215e-01;7.21964487e-01;2.07007056e-01;7.15729752e-01;9.57640655e-02;5.53840929e-02;9.60111983e-01;1.37784526e-01;1.64761495e-01;3.30928096e-01;8.03489522e-01;7.66226418e-01;5.59754144e-02;5.10442582e-01
"";NaN;NaN;NaN;NaN;NaN;NaN;NaN;NaN;NaN;NaN;NaN;NaN;NaN;NaN;NaN;NaN;NaN;NaN;NaN;NaN;NaN;NaN;NaN;NaN;NaN;NaN;NaN;NaN;NaN;NaN;NaN;NaN;NaN;NaN;NaN;NaN;NaN;NaN;NaN;NaN;NaN;NaN;NaN;NaN;NaN;NaN;NaN;NaN;NaN;NaN;NaN;NaN;NaN;NaN;NaN;NaN;NaN;NaN;NaN;NaN;NaN;NaN;NaN;NaN;NaN;NaN;NaN;NaN;NaN;NaN;NaN;NaN;NaN;NaN;NaN;NaN;NaN;NaN;NaN;NaN;NaN;NaN;NaN;NaN;NaN;NaN;NaN;NaN;NaN;NaN;NaN;NaN;8.99411816e-01;2.74290721e-01;2.49952492e-01;9.47487912e-01;9.65097475e-02;3.02097088e-01;2.19353195e-01;6.40057334e-01;1.06553376e-01;2.26483224e-01;3.73213095e-01;1.77599899e-01;1.21632905e-01;4.14259284e-01;3.40466937e-02;5.53068802e-01;7.01931459e-01;4.34804961e-01;6.66654595e-01;2.48383672e-01;3.66780095e-01;1.37710230e-01;4.15756095e-01;7.01409721e-01;3.96887037e-01;3.39844040e-01;6.14315356e-01;1.44938071e-02;9.23149111e-01;1.43365939e-01;9.45467002e-01;7.62644965e-02;9.33760715e-01;6.58566440e-01;6.46514558e-01;7.30636826e-01;6.17853667e-01;6.46655416e-01;6.40008888e-01;6.13369284e-01;5.24319045e-01;3.82327571e-01;4.19199044e-01;2.86857725e-02;2.61620836e-01;3.83982170e-01;3.36983395e-01;5.37442863e-01;3.05750050e-01;8.64655585e-02
"";NaN;NaN;NaN;NaN;NaN;NaN;NaN;NaN;NaN;NaN;NaN;NaN;NaN;NaN;NaN;NaN;NaN;NaN;NaN;NaN;NaN;NaN;NaN;NaN;NaN;NaN;NaN;NaN;NaN;NaN;NaN;NaN;NaN;NaN;NaN;NaN;NaN;NaN;NaN;NaN;NaN;NaN;NaN;NaN;NaN;NaN;NaN;NaN;NaN;NaN;NaN;NaN;NaN;NaN;NaN;NaN;NaN;NaN;NaN;NaN;NaN;NaN;NaN;NaN;NaN;NaN;NaN;NaN;NaN;NaN;NaN;NaN;NaN;NaN;NaN;NaN;NaN;NaN;NaN;NaN;NaN;NaN;NaN;NaN;NaN;NaN;NaN;NaN;NaN;NaN;NaN;NaN;8.29927543e-01;1.81834307e-02;9.51124841e-01;5.06446966e-01;7.75125447e-01;4.02529943e-01;5.68487619e-01;5.09481378e-01;7.16172549e-01;3.65412726e-01;7.97725368e-01;2.99796235e-01;7.04525110e-01;2.87836209e-01;8.32191871e-01;8.56416717e-01;6.91299444e-01;1.65541307e-01;6.03414782e-01;4.61968366e-01;1.71989043e-01;5.89025059e-01;9.63919524e-01;4.77282358e-01;1.48021807e-01;1.06358207e-01;4.75462380e-01;5.45096838e-01;3.28741670e-01;4.09395866e-01;7.73492074e-01;1.72509445e-01;5.41750658e-01;1.60922595e-01;3.01301890e-02;6.76815916e-01;5.43933911e-01;4.35261815e-02;5.59479337e-02;5.14317283e-01;1.82822534e-02;5.77235784e-01;5.36438592e-01;8.12999396e-01;3.12827799e-01;4.87581146e-01;3.10591822e-01;1.56947274e-01;8.21498643e-01;6.71521261e-01
"";NaN;NaN;NaN;NaN;NaN;NaN;NaN;NaN;NaN;NaN;NaN;NaN;NaN;NaN;NaN;NaN;NaN;NaN;NaN;NaN;NaN;NaN;NaN;NaN;NaN;NaN;NaN;NaN;NaN;NaN;NaN;NaN;NaN;NaN;NaN;NaN;NaN;NaN;NaN;NaN;NaN;NaN;NaN;NaN;NaN;NaN;NaN;NaN;NaN;NaN;NaN;NaN;NaN;NaN;NaN;NaN;NaN;NaN;NaN;NaN;NaN;NaN;NaN;NaN;NaN;NaN;NaN;NaN;NaN;NaN;NaN;NaN;NaN;NaN;NaN;NaN;NaN;NaN;NaN;NaN;NaN;NaN;NaN;NaN;NaN;NaN;NaN;NaN;NaN;NaN;NaN;NaN;4.85035058e-01;3.54434539e-01;7.43072371e-01;4.43247002e-01;7.06990747e-01;3.38949897e-01;3.51927556e-01;6.21690404e-01;8.34030955e-01;5.80313171e-01;3.60365994e-01;8.22565548e-01;8.07957698e-01;7.24420681e-01;1.19509615e-01;2.38661514e-01;7.87396765e-01;2.11317123e-01;3.70173564e-01;2.85415723e-01;4.96410532e-01;6.85356072e-01;1.07550583e-01;3.89399558e-01;1.59216316e-01;3.56225590e-01;3.40845048e-01;3.72015905e-01;5.39569166e-01;1.75208789e-01;7.78865386e-01;5.84303377e-01;7.33442045e-01;7.02646854e-01;5.87710158e-01;4.66657360e-01;3.22464421e-02;5.97167986e-01;7.18253954e-01;6.70430946e-01;1.22331259e-01;6.92828805e-01;4.66991193e-01;3.25113483e-01;1.94587632e-01;6.15516548e-01;5.20951559e-01;2.37200235e-01;5.20254779e-01;3.04581636e-01
"";NaN;NaN;NaN;NaN;NaN;NaN;NaN;NaN;NaN;NaN;NaN;NaN;NaN;NaN;NaN;NaN;NaN;NaN;NaN;NaN;NaN;NaN;NaN;NaN;NaN;NaN;NaN;NaN;NaN;NaN;NaN;NaN;NaN;NaN;NaN;NaN;NaN;NaN;NaN;NaN;NaN;NaN;NaN;NaN;NaN;NaN;NaN;NaN;NaN;NaN;NaN;NaN;NaN;NaN;NaN;NaN;NaN;NaN;NaN;NaN;NaN;NaN;NaN;NaN;NaN;NaN;NaN;NaN;NaN;NaN;NaN;NaN;NaN;NaN;NaN;NaN;NaN;NaN;NaN;NaN;NaN;NaN;NaN;NaN;NaN;NaN;NaN;NaN;NaN;NaN;NaN;NaN;2.74886001e-01;6.32564083e-01;5.11656298e-01;9.64214830e-02;7.01952626e-01;2.67555472e-01;4.37148594e-02;4.97162822e-01;7.06558789e-01;4.42655428e-01;5.56014885e-01;6.87748560e-01;5.20999387e-01;7.32321326e-01;7.52659975e-01;3.61507094e-01;3.53541059e-01;6.74929072e-01;5.32978991e-01;1.00283923e-01;6.37717878e-01;9.40638213e-01;8.11262181e-01;3.92550035e-01;2.07365551e-02;8.64178158e-01;7.44868814e-01;9.46867300e-01;5.65088246e-01;5.16662168e-01;5.48776898e-01;3.27136818e-01;9.07619751e-01;5.77739154e-01;6.58820719e-01;2.53850181e-01;5.71461415e-01;4.91736624e-01;6.90490704e-01;9.20021897e-01;9.84216004e-02;5.68426339e-01;2.80019048e-01;9.09973278e-01;1.16774766e-01;1.13458841e-01;5.81650058e-01;1.92994313e-01;7.35943402e-01;9.51319718e-01
"";NaN;NaN;NaN;NaN;NaN;NaN;NaN;NaN;NaN;NaN;NaN;NaN;NaN;NaN;NaN;NaN;NaN;NaN;NaN;NaN;NaN;NaN;NaN;NaN;NaN;NaN;NaN;NaN;NaN;NaN;NaN;NaN;NaN;NaN;NaN;NaN;NaN;NaN;NaN;NaN;NaN;NaN;NaN;NaN;NaN;NaN;NaN;NaN;NaN;NaN;NaN;NaN;NaN;NaN;NaN;NaN;NaN;NaN;NaN;NaN;NaN;NaN;NaN;NaN;NaN;NaN;NaN;NaN;NaN;NaN;NaN;NaN;NaN;NaN;NaN;NaN;NaN;NaN;NaN;NaN;NaN;NaN;NaN;NaN;NaN;NaN;NaN;NaN;NaN;NaN;NaN;NaN;4.64604099e-01;3.61952888e-01;4.55111481e-01;4.47862855e-01;2.27391227e-01;4.38837255e-01;9.02769997e-01;6.11337191e-01;7.44679620e-01;5.74665469e-01;4.08029634e-01;9.46996707e-01;5.59725082e-01;4.69397578e-01;7.26242495e-01;4.50713077e-01;2.09887678e-01;6.58613758e-01;3.11751896e-01;5.85924514e-01;3.38613213e-01;7.90944106e-01;4.59526069e-01;1.66657984e-01;4.66382946e-01;3.60223622e-01;6.69674322e-01;7.43245106e-01;3.48460595e-01;2.55569402e-02;6.91017538e-01;8.25089742e-01;9.31814194e-01;2.84328134e-01;7.07220397e-02;2.06404230e-01;9.59597640e-01;1.82242824e-01;6.16879579e-02;1.65620521e-01;1.44578506e-01;4.11350727e-01;7.44838902e-01;9.24656501e-01;9.46062211e-01;3.07499826e-01;6.40988678e-01;7.78976939e-01;4.14481482e-01;5.41258676e-01