"Variables ->","x","","","","","","","","","","","","","","","","","","","","","","","","","","","","","","","","","","","","","","","","","","","","","","","","","","","","","","","","","","","","","","","","","","","","","","","","","","","","","","","","","","","","","","","","","","y","","a","","","","","","","","","","","","","","","","","","","","","","","","","","","","","","","","","","","","","","","","","","","","","","","","",""
"Comments ->","","","","","","","","","","","","","","","","","","","","","","","","","","","","","","","","","","","","","","","","","","","","","","","","","","","","","","","","","","","","","","","","","","","","","","","","","","","","","","","","","","","","","","","","","","","","","","","","","","","","","","","","","","","","","","","","","","","","","","","","","","","","","","","","","","","","","","","","","","","","","",""
"Class[Size] ->","Series[20-by-3-by-5-by-6]","","","","","","","","","","","","","","","","","","","","","","","","","","","","","","","","","","","","","","","","","","","","","","","","","","","","","","","","","","","","","","","","","","","","","","","","","","","","","","","","","","","","","","","","","","Series[20-by-1-by-2]","","double[33-by-5-by-10]","","","","","","","","","","","","","","","","","","","","","","","","","","","","","","","","","","","","","","","","","","","","","","","","",""
"2001Q1",1.96792137e-01,9.87214768e-01,8.10779715e-01,3.98680278e-02,6.28907731e-01,9.59368360e-02,8.97861138e-01,9.11497518e-01,6.20189260e-01,7.47417150e-01,2.48568987e-01,7.82690731e-01,8.58180488e-01,3.60080486e-01,4.61314661e-01,1.04432753e-01,7.03462073e-01,7.36445592e-01,8.51604399e-01,5.68236306e-01,4.98701774e-01,1.74935331e-01,6.62159802e-02,9.52051036e-01,5.99597680e-01,6.29419861e-01,5.88586919e-01,4.40182119e-01,9.03751596e-01,3.68047426e-01,1.93481857e-01,7.63723753e-01,6.02701480e-01,7.60070691e-01,2.16182761e-01,3.68516060e-01,2.00173659e-01,1.90797083e-01,9.71603135e-01,7.51725857e-02,8.99117379e-01,9.96679752e-01,9.10636226e-01,5.84954983e-01,2.03293248e-01,8.29964886e-01,9.99677445e-01,9.36691958e-01,3.50436063e-01,8.85869538e-01,7.94736489e-02,2.54917565e-02,1.02046154e-01,1.36276468e-01,6.94654244e-01,3.49099089e-01,5.26796773e-01,7.97007127e-01,6.51801336e-01,7.90085941e-01,5.07692554e-01,5.03904852e-01,4.04798795e-01,7.98489233e-01,2.58642085e-01,7.61949065e-01,2.61266724e-01,8.35002947e-01,1.84500376e-01,8.51453948e-01,7.49075982e-01,7.58352013e-01,1.50022544e-01,4.66504769e-01,5.99863054e-02,6.54652328e-01,6.84921572e-01,6.56856203e-01,8.29542278e-02,8.91637498e-01,2.29234718e-01,2.00987352e-01,6.68742831e-01,3.38251513e-01,6.85411206e-01,7.72727523e-01,8.23118525e-01,6.83026854e-01,3.78281575e-02,5.43080647e-01,7.81939942e-01,1.60615906e-01,1.51532737e-01,3.81709542e-01,2.66342043e-01,2.76029507e-01,7.55896661e-01,3.72020722e-02,8.55426430e-01,2.27229684e-01,2.27921137e-01,5.55310312e-01,1.68247589e-01,8.82937973e-01,1.44217789e-01,7.77954096e-01,1.42253735e-01,8.39440967e-01,5.89774618e-01,1.75605239e-01,9.21022014e-01,1.32197199e-01,7.75546207e-03,4.70403491e-01,1.61897868e-01,9.85808375e-01,7.15119920e-01,3.53075833e-01,8.44840244e-02,1.53162895e-02,6.07166087e-01,1.37466773e-01,4.32319187e-01,9.34525757e-03,6.19431751e-01,7.95011432e-01,6.30757627e-01,3.74649450e-01,4.47116741e-01,2.64463820e-02,2.67461646e-02,1.67258831e-01,1.29459966e-01,4.57093747e-02,2.92305565e-01,3.60160106e-02,7.95998297e-01,3.02768810e-01,6.12394525e-01,8.90565283e-02,8.55164131e-01,1.77362044e-01
"2001Q2",7.78049589e-01,3.86913964e-01,8.97703963e-01,4.99979747e-01,5.96781311e-01,7.86960192e-01,6.51168089e-01,7.30343408e-01,4.35735285e-01,5.43334285e-01,2.57158898e-01,4.33204076e-01,4.73489526e-01,6.26489253e-01,7.18630509e-01,5.87365871e-01,5.44031082e-01,7.13251525e-01,7.07325167e-01,1.22706906e-02,5.46659595e-01,3.55904543e-01,8.87881675e-01,3.62259514e-01,7.88968013e-01,9.24146871e-01,1.62586328e-01,6.30499928e-01,5.20696307e-01,1.51375722e-02,3.07074225e-01,7.37675502e-01,6.25450545e-01,9.19099032e-02,3.12921858e-01,6.85249429e-01,1.37401019e-01,7.44488837e-01,5.81123922e-01,1.54229697e-01,6.48479896e-01,4.23743275e-02,9.50619757e-01,7.77755524e-01,1.79169495e-01,5.67221450e-01,8.00766276e-01,9.96786631e-01,2.70188406e-01,2.27583294e-02,4.15376455e-01,3.35727871e-01,3.49698582e-01,8.05780409e-01,8.41424689e-01,2.61002757e-01,2.69298511e-01,7.86387188e-01,6.12807072e-01,7.23016092e-02,7.81091328e-01,3.98508388e-02,5.14125254e-02,6.86369820e-01,8.47314492e-01,6.25833233e-01,8.72498717e-01,5.59434082e-01,4.94911090e-01,1.95285156e-01,9.29144915e-01,5.83562739e-01,4.21550122e-01,6.58405066e-01,7.66725198e-01,4.56563493e-02,1.57027568e-01,9.47319888e-01,8.39123336e-01,8.28962582e-01,5.63855512e-02,4.23198036e-01,6.58732885e-01,3.29206178e-01,9.99124758e-01,2.84838455e-01,9.36302773e-01,9.24728143e-01,8.27546701e-01,9.56703875e-01,1.65432980e-01,2.37215094e-01,2.44668226e-01,4.58085651e-01,4.79796068e-01,7.14448537e-01,3.21173754e-01,5.85980307e-01,1.31903068e-01,4.00145666e-01,7.16858193e-01,6.43678817e-01,3.54724107e-01,6.50198951e-03,5.23388239e-01,2.33193060e-01,6.77180636e-03,3.23476487e-01,2.38835100e-01,5.18054536e-01,8.28465380e-01,1.36863616e-01,7.17889795e-01,8.83874494e-02,9.52939391e-01,4.41256874e-01,3.61222645e-01,2.17678500e-01,1.64284667e-02,6.42944937e-02,6.15071904e-01,7.08699522e-01,6.89734061e-01,8.30913140e-01,4.53728166e-01,8.68027924e-01,2.69076315e-01,1.86681263e-01,7.46274310e-02,6.15516431e-01,8.90789148e-01,7.10888221e-01,4.92047854e-01,9.37787018e-01,8.02653274e-01,5.65422741e-03,9.36868969e-01,7.73448543e-01,3.53583472e-01,1.82736899e-01,8.62778643e-01,2.40518333e-01
"2001Q3",2.64828585e-02,2.61724513e-01,3.46714264e-01,2.10334425e-01,2.95739469e-01,5.53592593e-01,2.46053123e-01,8.99712181e-01,4.15828071e-01,5.25856286e-01,2.09735425e-01,5.76278134e-01,1.49934750e-01,8.52869698e-01,9.60602807e-01,1.14802922e-01,2.54619721e-01,6.89987194e-01,4.28546091e-01,5.89805310e-01,2.24639361e-01,8.88469467e-01,9.07784126e-01,4.58546755e-01,8.61268640e-01,9.95804572e-01,1.76045120e-01,3.14024696e-01,1.62236010e-01,7.14978466e-01,6.92954513e-01,6.36025946e-01,1.96828895e-02,9.67653992e-01,7.52012038e-01,9.92075152e-02,2.37890286e-02,2.12856219e-01,9.68386414e-01,2.47244148e-01,9.82920815e-01,1.38823003e-01,5.16315295e-01,3.59576388e-01,3.06294083e-01,2.60043390e-01,3.22915333e-01,3.96942472e-01,7.44617713e-01,8.63285505e-01,9.85477576e-01,4.86922626e-01,1.78546091e-01,6.81124847e-01,6.76245835e-01,5.89942415e-01,7.67835228e-01,3.31354748e-01,8.73786137e-01,2.44519440e-01,2.89965148e-01,6.24193754e-01,9.48004653e-01,4.83445575e-05,4.27040942e-01,1.49152326e-03,5.36812740e-03,1.72021700e-01,3.35440618e-01,3.55002467e-01,5.24545534e-01,3.70117008e-01,2.12894145e-01,8.08349339e-01,7.24906563e-01,8.67484780e-01,3.73374636e-01,8.41154337e-01,3.50551200e-01,3.72949583e-01,8.27781052e-01,8.09022154e-01,6.43805937e-01,6.66344053e-02,4.99394032e-01,2.69120238e-01,1.91171592e-01,2.91745653e-01,2.82616738e-02,3.67524178e-01,4.95223961e-01,6.11743375e-01,5.50142289e-01,7.17784946e-01,6.60934323e-01,4.97157447e-02,2.38237567e-01,4.21006976e-01,6.82366171e-01,9.90771453e-01,9.96278537e-02,6.80806715e-01,3.64558686e-01,3.67411161e-01,4.03795236e-01,1.16576198e-01,8.07929725e-01,1.58390361e-01,2.42429701e-01,4.96825805e-01,5.22990477e-01,6.52430005e-01,7.10900994e-01,9.33904328e-01,8.78518890e-01,2.25260739e-01,5.46469980e-01,3.30514972e-03,6.14609922e-01,6.67291479e-01,9.27509939e-01,4.15070366e-02,5.06562455e-01,3.35007981e-01,7.54412772e-01,9.73489593e-02,5.91812007e-01,3.71981919e-01,1.00438074e-01,1.98291874e-01,7.20900145e-01,7.56770649e-01,8.39369929e-01,4.53920096e-01,9.88764535e-01,6.56161282e-01,2.01312258e-01,1.38646485e-02,2.08462896e-01,6.12701918e-01,1.25874466e-01,9.04488327e-01
"2001Q4",1.13878876e-01,4.57808637e-01,1.59029917e-02,4.75990733e-01,7.82024018e-01,7.19519136e-01,2.34024544e-01,8.04924830e-01,2.85196268e-01,4.06714416e-01,5.80623329e-01,6.50468332e-01,2.45454646e-01,1.20024751e-01,5.28900107e-01,2.49345347e-01,3.93110846e-01,9.19869871e-01,6.20197007e-01,3.60216532e-01,1.22980666e-01,6.91530492e-02,7.82654329e-01,8.30810138e-01,8.27068266e-01,1.50089873e-01,7.47563615e-01,9.21815285e-01,1.43612208e-01,2.18578762e-01,6.30359565e-01,2.49140939e-01,8.19732602e-01,6.08966348e-01,3.67736607e-01,4.76468370e-02,9.39542698e-01,1.00122456e-01,4.14383729e-02,7.92259869e-02,1.63814968e-01,2.22953974e-01,7.07088130e-01,1.84733002e-01,8.50311936e-01,7.84532049e-01,2.51445841e-02,6.59936449e-01,7.22992110e-01,2.44993621e-01,8.42648435e-01,2.25362827e-01,2.49091062e-01,4.31387116e-01,7.01401709e-01,7.45384844e-01,9.54412474e-01,9.49991455e-01,7.92677272e-01,1.07071521e-02,5.50501881e-01,3.87441608e-01,8.77386850e-01,5.02657654e-01,6.56982963e-01,1.71724052e-02,3.65255292e-01,9.38799009e-01,2.06848770e-01,3.45975581e-01,5.38645417e-01,4.91999938e-01,7.60072125e-01,8.56439236e-01,7.54682908e-01,1.02961749e-01,8.08372197e-01,1.46388072e-01,9.05636958e-01,7.65463167e-01,1.15814114e-01,3.28916472e-01,1.86787963e-01,7.71534534e-02,2.72899717e-01,4.66116253e-01,5.26943661e-01,4.75994235e-01,3.67238611e-01,2.64606840e-02,2.59175030e-01,4.33721707e-01,2.41307618e-01,7.29951268e-01,8.35947091e-01,1.07253562e-01,8.39599929e-01,4.55294782e-02,1.49579527e-01,4.62018504e-01,7.17017522e-01,9.52809616e-01,5.51676753e-01,1.62736921e-01,5.49636457e-02,3.53428164e-01,8.24805537e-01,8.57177805e-01,1.89239687e-02,8.46212825e-01,1.22678937e-01,3.30119977e-01,1.75537162e-01,4.35984771e-02,5.07170550e-01,1.84718539e-01,3.57832010e-01,1.91625111e-01,2.13516160e-01,5.62792355e-01,9.58221837e-01,4.36744169e-01,7.16917089e-01,2.68971599e-01,5.65870047e-01,6.58448031e-02,8.66305097e-01,3.30847753e-01,3.36225544e-01,8.64763883e-01,2.04047817e-01,4.79871331e-01,5.78569354e-01,8.69659395e-01,5.08386223e-01,7.52658419e-01,8.62680587e-01,2.67161397e-01,7.67153649e-02,9.26601615e-01,2.29491138e-01,7.33798381e-01
"2002Q1",1.86622583e-01,1.14374242e-01,2.87833456e-02,6.54049374e-01,3.81772234e-01,2.28478482e-01,5.48434995e-01,4.47934202e-01,9.05089494e-01,5.56972315e-01,8.35150872e-01,3.30107895e-02,5.67911435e-02,1.74342661e-01,9.35416699e-01,4.14172719e-01,2.44619088e-01,9.69545933e-01,6.41192310e-01,2.54346708e-02,4.85211990e-01,9.27474343e-02,4.71943559e-01,7.90665029e-01,9.36923732e-01,2.47968998e-02,9.45285816e-01,2.23324621e-01,6.40530755e-02,6.88717270e-01,2.49823989e-01,7.34316828e-01,5.17944571e-01,8.94952440e-01,6.04456004e-01,8.69335915e-01,6.95501324e-01,8.96384986e-01,1.88628229e-01,8.53159563e-01,5.09786857e-01,5.83010478e-01,7.98795193e-01,5.73689108e-01,5.25602531e-01,1.69205334e-01,7.32823471e-01,8.22950298e-01,8.56720356e-01,4.33601729e-01,5.24026021e-02,5.54708799e-01,6.40984450e-01,9.47115419e-01,8.95417217e-01,8.19839043e-02,1.17687371e-01,8.28489643e-01,7.24424976e-01,2.32541409e-01,5.74665331e-01,3.08273850e-01,8.27649948e-01,9.85619996e-01,5.31271748e-01,4.56854072e-01,5.91971838e-01,5.42159329e-01,1.05165521e-01,5.85631351e-01,6.67294499e-01,5.27182458e-01,6.43306137e-01,7.10877914e-01,2.01431457e-01,9.46969336e-01,9.09321931e-01,6.87492784e-01,5.77891399e-01,4.37400961e-01,5.41923001e-01,2.73349826e-01,8.22098465e-01,4.94831630e-01,6.93410334e-01,3.71250325e-01,2.80609961e-01,3.91544341e-01,1.74811466e-01,7.39510539e-01,6.21758737e-01,6.07155315e-01,5.04063842e-01,3.36132063e-01,6.34712730e-01,8.58990754e-01,4.21444095e-01,9.25214310e-01,4.10367959e-01,9.84530452e-01,2.39580554e-01,3.66399041e-01,1.31341868e-01,7.62916484e-02,3.64322176e-01,9.96200663e-02,9.14956174e-01,3.17448140e-01,8.16261333e-01,5.72806362e-01,9.23400488e-02,9.77634889e-01,8.69655230e-01,6.48696342e-01,1.82444328e-02,6.98240329e-01,9.40956412e-01,4.50238536e-01,7.53660320e-01,2.36514946e-01,8.01808259e-01,6.80356810e-01,3.01216645e-01,1.08300715e-01,7.77865224e-01,6.02826763e-02,9.25544899e-01,1.85118842e-02,2.92208779e-01,9.28199537e-01,3.40586077e-01,8.36508221e-01,2.75630329e-01,9.27039691e-01,1.90799342e-01,6.76140295e-02,2.55804533e-01,9.32077547e-01,5.85291075e-01,7.38207541e-01,8.44390787e-01,8.74674307e-01
"2002Q2",9.25405285e-01,3.58104856e-01,8.49642273e-01,4.89727922e-02,9.84771192e-01,1.26918977e-02,3.92823359e-01,2.35005738e-01,6.82777843e-01,7.30630899e-01,8.52659997e-01,4.04011687e-01,2.05244798e-01,9.50627797e-01,9.89586947e-01,7.15466741e-01,5.82688989e-01,3.28926071e-01,8.87750114e-01,9.78579761e-01,8.74042292e-01,2.05804181e-01,7.96142304e-01,4.41022733e-01,3.58534606e-02,9.11264098e-01,6.57979789e-01,3.74486272e-01,8.54645459e-01,2.46007221e-01,4.34220177e-02,3.39505138e-01,9.09434244e-01,1.94146531e-01,3.83434891e-01,6.51867366e-01,5.54233183e-01,8.22336975e-01,5.19760059e-01,1.57176855e-01,6.27348430e-01,6.71106487e-01,1.99689367e-01,4.83094585e-01,8.28442252e-01,2.74258345e-01,4.72786705e-01,6.22366730e-01,9.18819324e-01,1.35376202e-01,7.27517911e-01,6.81148393e-01,9.75754160e-01,9.51172737e-01,5.87413930e-01,3.74955839e-01,2.48882201e-02,6.29129747e-01,4.09154429e-01,2.54854879e-01,2.03891508e-01,3.32049962e-01,4.48636593e-01,7.00372095e-03,9.37019041e-01,2.21564056e-01,9.24839059e-01,8.30257856e-01,1.53632518e-01,4.56250795e-01,8.71261197e-01,4.48724465e-01,8.39646714e-01,2.63333616e-01,3.23838573e-01,3.79497749e-01,1.60689536e-01,6.64213084e-01,5.10865326e-02,5.18271714e-01,6.24683966e-01,8.18828811e-01,6.13746075e-01,3.76096669e-01,9.95012528e-01,4.79240667e-01,4.08387427e-01,3.18895884e-01,5.04073009e-01,3.24884968e-01,4.57111774e-01,2.36655835e-01,8.01251838e-01,4.64297946e-01,8.06840617e-01,4.24279468e-01,6.59958772e-01,7.51346075e-01,5.49947685e-01,4.98440320e-01,4.12838909e-01,4.69221789e-01,7.10387727e-01,9.01150626e-01,9.85759763e-02,3.80836946e-01,3.48942714e-01,2.69635144e-01,7.12925008e-01,1.76046237e-01,6.72960646e-01,6.63341124e-01,1.56562187e-01,7.33022828e-01,7.78154780e-01,8.75195459e-01,4.44791535e-01,6.81828919e-01,7.12053280e-01,8.92676056e-01,6.12654987e-01,5.51741413e-01,7.06008466e-01,1.81663690e-01,7.34193139e-01,4.55030331e-01,9.51119572e-01,6.85230702e-01,9.16975021e-01,8.47255166e-01,5.96289880e-01,8.37079954e-01,3.62342825e-01,6.81521876e-01,5.41160856e-01,3.39271175e-01,5.96814152e-02,8.38305707e-01,2.63759520e-01,5.24670653e-03,8.06825335e-01,2.67734756e-01
"2002Q3",5.49709937e-01,7.85349004e-01,9.39559029e-01,8.58313346e-01,2.05127980e-01,1.20223850e-01,7.54794783e-01,6.71237238e-02,1.04263061e-01,2.93511844e-01,6.43897083e-01,9.58944237e-01,4.65489139e-01,9.77501474e-01,4.65715874e-01,8.69670581e-01,5.27434729e-02,9.48157351e-02,9.93604469e-01,1.32194081e-01,6.41425251e-01,6.15198980e-01,8.75647388e-01,6.24033794e-01,1.39710787e-01,1.47997458e-01,5.43831977e-01,3.08144382e-01,9.74456786e-01,2.66084855e-01,5.31451454e-01,3.02767838e-01,1.18624967e-01,9.88057942e-01,5.50487829e-01,6.10458701e-01,2.95414289e-01,8.82783750e-01,6.40853920e-01,6.16662684e-01,8.00000906e-01,7.23195985e-01,1.06840515e-01,4.21626940e-01,1.06876459e-01,4.90319429e-03,3.92588402e-01,7.00506318e-01,2.69008369e-01,2.15599998e-01,1.14958030e-01,8.34943208e-01,9.20663852e-01,3.20806073e-02,3.25195363e-01,8.70084443e-02,4.22040115e-01,2.95623632e-01,9.97653402e-01,9.12187962e-01,5.55236972e-01,9.31593246e-01,8.84474714e-01,4.09293244e-02,3.33422420e-01,3.71420686e-01,4.58004898e-01,3.17443770e-01,8.73329550e-01,3.84487116e-02,1.81324929e-01,1.42400905e-01,2.07795765e-01,2.96107240e-01,5.97078842e-01,1.34520896e-01,7.37947882e-01,5.10489184e-01,2.15654074e-01,5.60188927e-01,3.75822189e-04,2.06466393e-01,9.32221989e-01,4.16586649e-01,2.10377607e-01,4.38207687e-01,2.39852908e-01,4.00185827e-01,4.95986198e-01,6.65286534e-01,2.55455791e-01,9.33524934e-01,6.63515038e-01,3.77705713e-01,5.72420336e-01,5.62525685e-01,3.57786992e-02,6.03985924e-02,5.51802659e-01,9.88003910e-01,2.89439868e-01,1.28539708e-01,3.54987809e-01,4.27891618e-01,6.09968849e-01,9.77993018e-01,4.56637507e-01,8.60606297e-01,7.74855081e-01,1.29696073e-01,7.10431044e-01,9.15636802e-01,9.11963558e-01,9.32238106e-02,3.59457237e-01,7.68964420e-01,1.10818940e-01,4.68066480e-01,4.06529525e-01,4.61608697e-01,8.88404424e-01,1.77940203e-01,9.15207000e-01,3.83804545e-01,9.65407095e-01,8.79421641e-01,6.67044793e-02,6.72337943e-01,5.04762223e-01,3.88062552e-02,6.12485440e-01,5.70325362e-01,5.34341590e-01,3.57243319e-01,2.48694915e-01,4.97391907e-01,9.68679952e-01,2.28831339e-02,5.83717282e-01,4.53466477e-01,2.76473765e-01,8.51824725e-01
"2002Q4",3.11732574e-02,3.05115509e-01,7.62705769e-01,3.95082670e-02,7.79750295e-01,6.32978247e-01,3.92572750e-01,2.84198760e-01,8.34784966e-02,7.84555120e-01,9.85007765e-01,5.95519789e-01,4.60975178e-01,2.52004875e-01,3.63796464e-01,8.15427905e-01,6.02292675e-01,8.06532724e-01,7.28353803e-01,5.50576565e-01,4.48237265e-01,2.73432051e-01,6.72251562e-01,9.55508256e-01,7.25442081e-01,8.99430573e-02,5.97653088e-01,3.78224741e-02,9.29025104e-01,1.32070824e-01,1.76201448e-01,1.27141989e-01,9.46149041e-01,2.41314862e-01,3.85442422e-01,4.21945705e-01,4.26317475e-02,8.81242954e-02,3.40731323e-01,5.28449944e-01,4.17769086e-01,5.04438513e-01,6.18574843e-01,3.17325192e-01,6.17142032e-01,3.97561241e-01,8.60014028e-01,4.89515105e-01,6.88151779e-01,7.74728915e-01,4.85380962e-01,8.95872813e-01,5.38069285e-02,2.76166760e-01,9.94850646e-01,3.18151405e-01,6.43839604e-02,6.17004524e-01,6.23808504e-01,3.67546573e-01,2.14116024e-01,4.67989560e-01,8.53718337e-01,1.03422911e-01,3.60911832e-01,4.41232164e-01,4.24208224e-01,2.32739356e-01,7.24371498e-01,3.80015594e-01,6.99106625e-01,6.52743732e-01,4.38347593e-01,1.85845249e-01,9.77113563e-01,3.12879833e-01,5.55695633e-01,4.34721893e-01,1.46684565e-01,2.45505882e-01,1.63615120e-01,6.54566847e-01,6.61416159e-01,6.19685178e-01,4.15730733e-01,2.55226196e-01,3.57555582e-01,8.77592540e-01,8.64881434e-01,4.97846295e-01,5.34400623e-01,7.03408955e-01,3.67733645e-02,6.39498248e-02,4.91711307e-01,7.32724594e-01,7.40803063e-01,7.22134035e-01,7.72998153e-01,5.38099402e-01,1.51618259e-01,7.98067021e-02,6.47080208e-01,5.46476648e-01,2.23400836e-01,6.14111077e-01,6.45614634e-01,8.01219990e-01,2.95749412e-01,6.57252387e-01,9.80868077e-01,1.44173312e-01,2.33808358e-01,7.85547168e-01,8.48549181e-01,2.61434713e-01,8.65121766e-01,1.28375686e-01,2.42931075e-01,6.05183778e-01,5.18880285e-01,8.55453247e-02,7.05798063e-01,8.37103703e-01,7.63000516e-01,3.47852508e-01,9.46137972e-01,8.33036335e-01,5.79223902e-01,5.27219861e-01,6.57474770e-02,7.83084387e-01,9.38206926e-01,8.01644601e-01,3.91545747e-01,3.11823877e-01,6.55055295e-02,9.65606835e-01,3.69064774e-02,5.52925340e-01,3.11237756e-01,8.28338355e-01
"2003Q1",8.76555437e-01,7.30673999e-01,9.65802649e-01,6.40554824e-01,8.45019802e-01,1.52107986e-02,2.65420538e-01,4.31737928e-01,1.33939880e-02,7.58188793e-02,9.78981934e-01,9.33078447e-01,3.51056075e-01,2.84620466e-01,9.03358580e-02,2.32449227e-01,3.99708090e-02,6.82734802e-01,5.05822777e-01,8.63438087e-01,1.37143754e-01,7.47785372e-01,7.03827357e-02,6.63478658e-01,8.72094169e-01,7.15693599e-01,2.34602892e-01,6.05169675e-01,4.09520221e-01,3.44210335e-01,5.21902037e-01,1.01402987e-02,9.27044818e-01,2.23420956e-01,6.65435033e-01,5.03707375e-01,8.53760208e-01,7.00187648e-01,6.48329819e-01,1.91219823e-01,5.48344319e-02,6.44630263e-01,2.22239408e-02,9.72571507e-01,5.66826519e-01,2.65515532e-02,5.74616491e-02,5.08816801e-01,6.17997052e-01,8.71862609e-02,8.68594368e-01,4.37597918e-01,9.03084679e-01,6.77530131e-02,2.07538427e-01,4.53229946e-01,1.25602656e-01,9.88503431e-01,3.53165254e-01,3.80340235e-02,5.49156722e-01,7.09931935e-05,6.47736744e-01,6.03406558e-01,7.46493540e-01,6.06895470e-02,6.54961612e-01,7.01993812e-01,3.58417602e-03,5.46487045e-01,1.88910203e-01,6.74670288e-01,7.32119752e-01,5.99376707e-01,4.51428340e-01,8.98684091e-01,1.87856597e-01,3.83588264e-01,4.16301341e-01,1.28305289e-01,9.51656458e-03,5.76013078e-01,2.49203165e-01,6.63529529e-01,1.62007507e-01,1.41137644e-01,1.64320991e-01,9.53160377e-01,5.71139583e-01,8.57685173e-01,9.16214965e-02,6.75635258e-01,2.08029770e-01,9.82701954e-01,8.01513667e-01,9.60882982e-01,9.97566587e-01,2.86332003e-01,7.40750089e-01,1.32896493e-01,3.09801641e-01,5.44008125e-01,4.25283022e-01,8.70373480e-02,5.80666415e-01,5.75922494e-01,6.73504175e-01,2.62469759e-01,7.98321914e-01,2.13118283e-01,9.62349007e-01,1.04043976e-01,6.86059298e-01,9.24824147e-01,4.33062045e-01,9.85705873e-01,3.55549880e-02,8.03684288e-01,5.29311678e-01,3.14501340e-01,4.63330914e-01,1.86771978e-01,1.33123452e-01,7.61701899e-01,5.66860297e-01,4.36686341e-01,4.96633306e-01,4.36388160e-01,5.16839562e-02,3.63822829e-01,1.76573358e-01,4.75747518e-01,2.83312385e-01,5.76258216e-01,2.06596621e-01,6.72018629e-01,2.29541040e-01,3.97912615e-01,8.96514238e-01,3.60648333e-01,3.80603779e-01,8.79549542e-01
"2003Q2",9.50212328e-01,6.45077852e-01,4.92717577e-01,5.06434542e-01,4.61285129e-01,9.40265801e-01,3.46891225e-01,4.55124343e-01,9.18761577e-01,4.71680463e-01,6.82626155e-01,9.37040802e-01,4.41002772e-01,8.38286322e-01,8.44203758e-01,3.46335232e-01,8.62410181e-01,1.73246975e-01,4.89289775e-02,6.82540689e-01,1.41159263e-01,3.05726330e-01,1.24471905e-01,2.66490943e-01,3.74103272e-01,1.75014409e-01,8.19767731e-01,8.35864369e-01,9.01611220e-01,7.54389984e-01,8.71282136e-01,9.24928777e-01,9.48050112e-02,4.01997942e-01,1.47141635e-02,1.64140923e-01,5.96682101e-01,1.70224224e-01,3.55437966e-01,7.59750760e-01,5.19144194e-01,3.63693407e-02,3.75620437e-02,2.58222641e-01,2.60936157e-01,8.54699050e-01,3.84545139e-01,7.79713296e-01,7.15534729e-02,4.00377825e-01,1.67038791e-02,3.99655289e-01,1.89999379e-01,8.26949302e-01,2.86252616e-01,1.61080905e-01,9.24177538e-02,3.44008892e-01,1.82723141e-01,6.50832317e-01,6.97698299e-02,7.25780504e-01,5.06783267e-01,4.61902863e-02,8.63929469e-01,3.64042374e-01,7.64236308e-01,5.19783648e-01,8.10415238e-01,6.82580666e-02,1.99816212e-01,7.49762775e-01,1.04751719e-01,7.78297442e-01,4.96305403e-01,7.80790397e-01,6.90014354e-01,8.42294234e-01,8.77558291e-01,6.10483289e-01,7.53001455e-01,5.63712767e-01,4.66922014e-02,6.35509115e-01,2.49721977e-01,2.66171960e-01,2.52969448e-03,4.38343825e-03,1.71015581e-01,7.48631966e-01,5.61532984e-01,3.93635814e-01,4.03123151e-01,5.96293182e-01,4.41051400e-01,5.91349839e-02,3.84147276e-01,9.64473572e-01,9.07675373e-01,3.39203198e-01,6.33439302e-01,6.72306958e-01,7.57335017e-01,5.88895743e-01,3.30510147e-01,4.49712513e-01,9.75907220e-01,8.98853122e-01,5.08614964e-01,4.45418313e-01,4.02067669e-01,9.39679264e-01,6.39898507e-01,5.64250344e-01,6.05781898e-01,4.41839926e-02,2.23263653e-01,7.59729680e-02,7.92372773e-01,1.34871135e-01,2.46202173e-01,3.68764391e-01,6.65466335e-01,9.87244990e-01,5.99694969e-01,1.31199567e-01,6.80273866e-02,6.35741382e-01,2.66766886e-01,7.01277965e-02,1.73449525e-01,7.77664066e-01,6.39807660e-01,6.80263795e-01,7.85773389e-01,8.08391496e-01,3.30783998e-02,5.15228878e-01,1.75270976e-01,2.50715277e-02,4.18476631e-01,5.37511553e-02
"2003Q3",4.82800836e-01,8.39365565e-01,5.54943155e-01,5.77115912e-01,6.79125457e-01,9.99565802e-01,9.34262643e-01,9.79351878e-01,3.67572926e-01,3.99156111e-01,7.85477747e-01,7.55739132e-01,3.29407034e-01,8.02100741e-01,4.13706064e-01,9.60612364e-01,3.43109861e-01,4.81009948e-01,1.08218637e-01,3.49691968e-02,9.82595788e-01,7.65444361e-01,4.25366183e-01,7.23154840e-01,2.16187517e-01,1.59721590e-01,7.88495533e-01,5.88252233e-01,4.84497229e-01,8.89238647e-01,6.13612826e-01,9.10006196e-01,4.15257389e-01,7.80906366e-01,8.13124469e-01,9.31721295e-02,1.85267796e-02,8.33044271e-01,8.50430024e-01,6.14998425e-01,1.34532136e-01,1.93851825e-01,1.15364122e-01,5.67099900e-01,2.30811043e-03,2.04891689e-01,1.41840420e-01,4.04857762e-02,1.88398235e-01,5.90110968e-01,8.18908378e-01,4.40119954e-01,9.92615198e-01,3.96323445e-01,8.33108339e-01,5.98681487e-02,2.32689273e-01,2.39644666e-01,3.20904351e-01,8.16366864e-01,8.60447514e-01,3.99482919e-01,7.60229085e-02,4.21871945e-01,2.20537699e-02,3.76869074e-01,3.79643566e-01,2.86146292e-01,2.45622408e-01,2.13226465e-01,7.70965949e-01,3.05925856e-01,4.44564714e-01,9.57662281e-02,9.71656139e-01,1.93041324e-01,2.99816313e-01,2.50835018e-01,9.29587057e-02,6.13567707e-01,7.03709755e-01,3.14677486e-01,3.71405370e-02,3.40201638e-01,3.93707682e-01,3.48483722e-01,4.06658027e-01,6.01428140e-01,9.08353001e-01,3.97915820e-01,8.52199877e-01,6.47503737e-01,9.18238227e-01,4.50136834e-01,4.88697272e-02,1.19566088e-01,5.29256641e-01,1.49330882e-01,4.63715279e-01,7.29008316e-01,2.25924004e-02,8.43506948e-01,2.42964185e-01,4.07885337e-01,7.46494719e-01,4.45774080e-01,6.13358665e-01,1.25889240e-01,1.17903236e-01,7.45188920e-01,1.86915009e-01,7.34526168e-01,1.57594330e-01,4.54247239e-01,3.77579988e-01,3.44146335e-01,1.37962866e-01,1.23078097e-01,7.71542319e-01,9.28122679e-01,7.57982987e-01,9.31089706e-01,3.75564947e-01,7.11000501e-01,5.91279069e-01,6.53398903e-01,1.53641710e-01,6.65115121e-01,7.82876822e-01,2.48257560e-01,8.56474702e-01,8.95995291e-01,3.77423317e-02,5.82427200e-01,4.73172565e-01,6.76905068e-01,1.27822034e-01,7.31655160e-01,7.20939846e-01,6.72116457e-01,6.59325962e-02,2.51030413e-01
"2003Q4",4.32901384e-01,5.20610263e-01,6.52237176e-01,8.79054664e-01,7.97154881e-01,3.78218578e-01,3.73853220e-01,9.26905645e-01,4.22024984e-01,9.11111718e-01,3.48797904e-01,5.38914185e-01,5.72097267e-01,3.69961325e-01,7.57358446e-01,3.01312800e-01,1.12233467e-01,9.39338496e-01,8.58296316e-01,4.40197876e-01,9.71884259e-01,2.52885731e-01,7.82665769e-01,5.61077886e-01,5.76010099e-01,4.78932144e-01,5.89059613e-01,3.63454795e-01,4.69673840e-01,7.10436377e-01,2.71432121e-01,3.82147912e-01,3.22862317e-01,8.39212013e-01,3.49855975e-01,6.85324865e-01,9.33190962e-01,7.28057085e-01,5.42804681e-01,1.52063607e-01,3.66974435e-01,7.49545712e-01,8.18697240e-01,3.52066905e-01,2.87255063e-01,8.60350581e-01,4.56813978e-02,9.01007403e-01,3.35569469e-01,1.96523569e-01,7.83873672e-01,3.09626358e-01,3.26499596e-01,5.81176712e-01,7.70247747e-01,4.44865218e-01,2.11193061e-01,3.97105907e-04,2.55606766e-01,8.37504080e-02,2.08382707e-01,2.29236340e-02,3.62406885e-01,3.55863103e-01,8.49523927e-01,3.01240237e-01,4.54068967e-01,2.76729267e-02,8.85936549e-01,7.71897567e-01,5.29896188e-01,8.04347592e-01,4.90552706e-01,4.09976449e-01,7.63004592e-01,1.73940828e-01,6.32268078e-01,2.91479801e-01,9.29844942e-01,2.34931304e-01,3.56341061e-01,1.45663821e-01,7.18269244e-01,7.44755243e-01,3.40166661e-01,2.52521965e-01,2.79617669e-01,7.85577616e-01,6.63637727e-01,5.14114355e-01,7.27490603e-01,4.49255151e-01,6.07991387e-01,9.72010589e-01,9.87460291e-01,1.30800152e-01,7.84164248e-01,5.97203423e-01,4.00803157e-01,4.15643878e-01,6.24159799e-01,5.98324752e-01,1.88444196e-01,6.12577938e-01,7.81606759e-01,4.07442294e-01,9.27749856e-01,8.56530667e-01,8.76169975e-01,6.65509959e-01,3.89354145e-01,2.32597405e-02,2.89685922e-01,7.93535581e-01,7.21410012e-01,6.73184901e-01,3.02575123e-01,8.71057396e-01,3.72952033e-01,9.57911114e-01,5.94862637e-01,6.96638458e-01,5.02441871e-01,3.44842508e-01,9.61648153e-01,5.37490872e-01,2.96073115e-01,3.55772566e-01,5.38027669e-01,5.90644093e-02,5.79538464e-01,9.56420707e-01,7.57197832e-01,9.09061808e-01,4.72985925e-01,9.30723208e-01,6.80034786e-01,5.53230618e-01,1.18598843e-01,6.77362958e-01,9.47149380e-01,8.53769837e-01
"2004Q1",6.19807690e-01,3.81409153e-01,9.73129058e-01,1.84353448e-01,2.35574809e-01,8.95205829e-01,4.82526458e-01,5.97573739e-01,5.75709576e-01,4.28022249e-01,7.80514693e-01,8.24291332e-01,9.92353294e-01,3.62810981e-01,5.54033392e-01,1.54196271e-01,5.93426579e-01,1.38072353e-01,9.15944486e-01,4.39827127e-01,4.28892548e-01,6.71015975e-01,5.89146545e-01,9.72980667e-01,2.56467551e-02,9.48731652e-01,4.36259778e-01,1.39885184e-01,1.67828199e-01,2.46475025e-01,8.54539610e-01,7.01392066e-01,8.46253559e-01,4.09499775e-01,7.15515525e-01,1.42671298e-01,9.78832427e-03,7.75893015e-01,6.73080087e-01,4.54637447e-01,6.96620887e-01,3.08178376e-01,3.76899226e-01,3.12029609e-01,8.21270082e-01,5.61247088e-02,6.97994733e-01,7.32045721e-01,3.11045821e-01,6.96812464e-01,1.93707733e-01,4.46953372e-01,2.27543496e-01,3.43533780e-01,2.00579108e-01,2.85273768e-01,6.09810981e-01,9.09289852e-01,9.41084747e-01,1.14810474e-02,2.38632096e-01,6.37742389e-01,2.31091156e-01,6.97670457e-01,8.07625427e-01,9.18389180e-01,6.43802012e-01,1.52802902e-01,8.39280649e-01,6.30379369e-01,4.71463720e-03,2.99966799e-01,6.94426353e-01,6.31245711e-01,9.79765333e-01,8.93316220e-01,2.35783501e-01,5.60968849e-01,9.35837718e-01,8.57609951e-01,6.70412115e-01,1.30216847e-01,2.43418098e-01,6.95505600e-01,9.28524884e-01,1.77180284e-02,1.77275520e-01,6.38506627e-01,5.02688992e-01,5.83756328e-01,5.38697511e-01,9.89971797e-01,2.18299975e-01,6.88654394e-01,7.49249478e-01,8.02720516e-01,1.62200802e-01,4.65168697e-01,9.43901096e-01,9.24721432e-01,2.00188822e-01,6.24011177e-02,1.52735920e-01,4.03466761e-02,1.19134526e-01,8.98586240e-01,9.28171912e-01,8.24722302e-01,2.05440233e-01,2.99395622e-01,8.85119177e-01,1.08073314e-01,1.98522009e-01,2.83778812e-01,3.16173178e-01,5.67341662e-02,2.54191781e-01,6.85439641e-01,4.36001468e-01,9.89271458e-01,4.87275610e-03,1.66342816e-01,3.99008691e-01,5.37591944e-01,4.41617004e-01,7.29113009e-01,1.68748938e-01,3.18534891e-01,9.39762251e-01,2.31342735e-01,2.01830831e-01,1.31301718e-01,1.87402787e-01,8.98366559e-01,7.18192062e-01,6.38917637e-01,2.82963179e-02,9.83242421e-01,4.76790730e-01,3.78475002e-01,7.90256877e-01,9.52942337e-01
"2004Q2",2.30256204e-01,6.19245250e-01,9.03729655e-01,2.01457339e-01,7.52229718e-01,5.90050046e-01,2.38214604e-01,5.83679856e-01,1.86023055e-01,9.45084140e-01,4.63973383e-02,1.07468468e-02,7.17850825e-01,2.71741280e-01,4.76240270e-01,7.44436489e-01,6.30076744e-01,6.59653971e-01,6.71659843e-01,7.66111722e-01,7.56038510e-01,1.31914108e-01,4.72135906e-01,3.00872645e-01,4.35049246e-02,7.41070141e-01,5.49739428e-01,1.16533722e-01,8.28584731e-02,4.51389348e-01,1.57460140e-01,6.72341929e-01,9.47950320e-01,4.02400533e-01,9.58893804e-01,5.28711653e-01,6.40955540e-01,7.63495251e-01,2.56572579e-01,6.82097600e-01,1.29583525e-01,7.49052152e-01,2.29156312e-01,9.39760276e-03,8.95115405e-01,2.23511772e-01,9.13511502e-01,6.15783068e-01,4.20204018e-01,5.92969315e-01,9.12844291e-01,9.64390123e-01,9.43710729e-01,9.71209744e-01,7.64766297e-01,1.99178223e-01,3.94527053e-01,6.27540457e-01,8.92906676e-01,3.65615322e-01,3.80585215e-01,4.39352013e-01,8.60180504e-01,3.62977726e-01,5.42782945e-01,4.77350676e-01,7.35154526e-01,7.83922610e-01,3.55567385e-01,8.08721361e-01,9.55361050e-01,2.74086675e-01,9.30807985e-01,7.65313365e-01,2.02831339e-01,7.70764508e-01,4.89343101e-01,6.26663690e-01,2.65357935e-01,1.15304673e-01,9.09950542e-02,8.42666707e-01,1.45676317e-01,5.86577046e-01,4.52723854e-01,4.50747489e-01,5.85657977e-01,1.17014791e-01,8.22084970e-01,5.08243786e-01,6.71617076e-01,9.36148128e-02,3.48915500e-01,4.87983369e-01,5.78644772e-01,1.60170857e-01,9.01419515e-01,4.11336379e-01,9.56147848e-02,7.02916464e-02,3.97056404e-01,7.37645614e-01,9.91213812e-01,4.79680599e-02,4.30988739e-01,4.16341549e-01,9.97717794e-01,4.53872896e-01,2.91949804e-01,7.72555257e-01,5.95220051e-01,1.07345326e-01,9.31812414e-01,9.92101845e-01,9.49351482e-01,5.45707441e-02,7.31183834e-01,5.11907546e-01,9.86685085e-01,2.22673760e-01,6.53197986e-01,7.73500721e-01,9.60435154e-01,7.44182558e-01,6.92480513e-01,1.32126735e-01,7.35194614e-01,6.89773088e-01,5.37609661e-01,9.35439813e-01,6.75428067e-01,6.26414508e-01,5.09629097e-01,4.56334961e-01,1.28004918e-01,5.72912112e-01,8.51903729e-01,5.34353504e-01,7.42696672e-01,4.34442339e-01,6.52142699e-01,1.31588197e-01
"2004Q3",7.00548478e-01,6.04760217e-01,2.50447334e-02,1.31960453e-01,9.20062168e-01,8.35055668e-01,5.31249059e-01,1.13072056e-01,2.22263574e-02,4.04529284e-01,3.52832640e-01,7.46518961e-01,3.60995549e-01,2.59469307e-01,2.66590463e-01,2.82894819e-01,7.81380429e-01,1.94039254e-01,4.62335573e-01,9.99839286e-01,5.58590649e-01,9.42448398e-01,3.37884713e-02,4.97020498e-01,9.33449284e-01,6.72333462e-01,3.52968706e-01,9.81217434e-01,6.33161255e-01,9.31224274e-01,2.59418638e-01,1.27674130e-01,7.29220577e-01,7.71750033e-01,5.07417121e-01,3.57277332e-03,7.88685384e-01,5.70994656e-02,1.21338277e-01,2.81259122e-01,7.85849530e-01,8.52037321e-01,3.68139913e-01,6.68127492e-01,9.95807910e-01,4.52805178e-02,3.83545632e-01,7.55188044e-01,8.77387991e-02,4.64189976e-01,6.83689942e-01,4.62348232e-01,8.10846874e-01,6.03405806e-01,6.15923393e-01,5.09811896e-01,7.26698392e-01,7.86229298e-01,9.88052108e-01,4.12765442e-01,2.87366392e-01,5.91769136e-01,6.34390056e-01,3.24555048e-01,4.33783075e-01,1.80392438e-01,6.33821563e-01,5.18751890e-01,3.15247117e-01,2.14900082e-02,8.77279000e-01,2.70484982e-01,1.55150775e-01,5.15606700e-01,3.16686133e-02,7.92116942e-01,7.58264217e-01,4.49719456e-01,3.56788697e-02,8.82515017e-01,8.22654990e-01,4.74611690e-01,4.39551518e-02,8.82742271e-01,5.26566577e-01,9.04581696e-01,7.21518189e-01,7.10512764e-01,2.87696838e-01,7.33870810e-01,8.60682517e-01,4.68374052e-01,2.67919380e-01,3.57346461e-01,3.34166588e-01,5.25530254e-01,3.10288035e-01,8.80488963e-01,5.58747560e-01,3.79395563e-01,4.65830567e-01,1.53585449e-01,9.74719164e-01,4.57422464e-01,1.45344323e-01,6.80155815e-01,2.68293618e-01,1.28094187e-01,2.90843512e-01,3.55395084e-01,6.28195827e-01,2.81817325e-01,5.40734494e-01,9.85979279e-01,8.49745860e-01,5.64865286e-01,6.37685889e-01,6.16499119e-01,8.96192360e-01,3.67960361e-01,9.55331171e-01,4.13202329e-01,1.15673645e-01,9.29392726e-01,2.35857379e-01,8.94200002e-01,8.79697065e-01,2.63139746e-02,4.12949107e-01,8.06716234e-01,9.94686495e-02,7.49587732e-01,5.92036184e-01,1.82168275e-01,9.50802582e-01,9.90677385e-01,2.82221864e-01,6.41311072e-01,5.33550897e-01,5.32948958e-01,9.75280378e-01,3.00878843e-01
"2004Q4",9.80992503e-01,5.35554669e-01,5.74323022e-01,8.22206765e-01,9.94638400e-01,4.82345894e-01,2.10121744e-01,3.99199706e-01,6.58000559e-01,2.42496665e-01,3.56997825e-01,1.03034771e-01,5.72728531e-01,9.94394376e-01,1.35277473e-01,3.28839434e-01,7.36514129e-01,6.26483977e-01,9.61389729e-01,2.57465988e-01,7.56654394e-01,4.44583183e-01,1.80073536e-01,2.83954108e-01,4.01651928e-01,7.03452478e-02,9.95791194e-01,5.41692349e-01,3.10978917e-01,6.15667580e-01,6.70580481e-01,2.00969039e-01,6.83849725e-01,2.49124686e-01,6.66168220e-01,4.25057791e-01,5.26502944e-01,6.09847722e-01,4.06064459e-02,6.24863121e-01,5.03089736e-02,9.93554764e-02,1.74540424e-01,8.85687680e-01,8.43840181e-03,7.50991773e-01,2.43110817e-01,2.84467186e-01,5.59868483e-01,2.41154948e-01,8.88393509e-01,4.95992012e-01,9.24444160e-01,6.67641150e-01,9.64267416e-01,1.94784330e-02,9.61298154e-01,7.48716336e-01,9.52471975e-01,4.16020990e-01,7.50523129e-01,6.17984610e-01,7.31457115e-01,6.77475743e-01,6.02436919e-01,2.97037639e-01,7.82944272e-01,4.16822863e-01,1.54186308e-01,1.17568879e-02,8.72308896e-01,7.63490929e-01,5.26812207e-02,4.67893533e-02,1.58148029e-01,2.13557853e-01,6.20207420e-01,8.64425322e-01,4.66467218e-01,3.88909111e-01,4.23219974e-01,2.31697349e-01,8.08830453e-01,9.57209192e-01,5.01154125e-01,6.57064984e-01,7.21260915e-01,9.77497386e-02,8.80965097e-01,7.28590067e-01,5.51927713e-01,6.93682231e-01,3.85385928e-01,4.31487945e-01,5.93351993e-01,7.08592153e-01,6.79309314e-01,2.24888188e-01,3.17395317e-01,5.65159018e-01,7.98357544e-01,8.51073713e-02,9.22101201e-01,8.19527156e-01,9.95088164e-02,3.59558849e-02,9.46144138e-01,8.21987100e-02,8.75444066e-01,9.01199451e-02,9.60661543e-01,8.62780034e-01,9.52563527e-01,5.36179557e-01,7.75597911e-01,6.50946427e-01,9.75245110e-01,8.32547001e-01,7.35465313e-01,7.13168316e-01,4.98737202e-01,7.08613409e-01,5.61219130e-01,1.28399995e-01,7.70613012e-01,4.57946976e-01,8.51423388e-01,9.39920913e-01,9.64089346e-01,3.80683834e-02,4.11217882e-03,1.90878881e-01,2.39064418e-01,3.27845550e-01,7.34839930e-01,5.45516736e-02,4.21989950e-01,3.36625458e-01,6.35104226e-01,5.19278879e-02,1.30744698e-01,5.19092748e-02
"2005Q1",1.63515198e-01,7.30111647e-01,7.29375751e-01,7.35343001e-01,8.82963073e-01,5.94410432e-02,2.95207063e-01,9.42879258e-01,4.58649360e-01,8.72619211e-01,1.29735038e-01,4.84107839e-02,3.80334616e-01,4.62633215e-02,7.77007824e-02,1.33189932e-03,7.91597150e-01,6.20735067e-01,7.99172427e-02,8.85814321e-01,9.75920093e-01,3.57995339e-01,9.31819659e-01,7.42080048e-02,7.84920768e-01,3.06105485e-01,3.64963600e-01,8.65099084e-02,4.66354035e-01,2.58289980e-01,2.25957393e-01,9.02826544e-01,6.41411906e-01,8.65741065e-01,4.29465434e-01,2.24340905e-01,2.91248417e-01,8.98471800e-01,8.87943133e-01,9.41730123e-01,8.15615520e-01,5.97778199e-01,7.74779639e-01,4.21317726e-01,7.32843238e-01,6.98056380e-01,9.07097733e-01,2.06249115e-01,6.67625250e-01,4.12770455e-01,7.12869704e-01,2.15398928e-02,7.18502000e-01,8.63325161e-01,5.03691259e-01,8.30102595e-01,7.50217204e-01,6.16897634e-01,8.74206918e-01,4.63376015e-01,3.18938971e-01,4.54096672e-01,1.56355283e-01,5.83252370e-01,3.35105203e-01,8.29299474e-01,3.44870193e-02,1.08547557e-01,3.88423230e-01,3.98796665e-01,4.94025235e-01,3.18575215e-01,6.08676453e-01,4.40639622e-01,7.19703402e-01,1.93372676e-01,2.47775280e-01,9.53957120e-01,5.84379997e-01,2.99822438e-01,1.01588189e-01,7.81042052e-01,8.40723748e-01,8.60079167e-01,8.10326381e-01,1.43432381e-01,5.08586120e-01,5.84765608e-01,5.31438139e-01,1.94129736e-01,9.10683115e-01,9.41818199e-01,8.78275114e-01,2.06194771e-01,9.01644292e-01,9.90396201e-01,4.59185379e-01,5.42962314e-01,9.44770651e-01,7.56591786e-01,2.21004357e-01,4.90069904e-02,4.51302690e-01,6.98851985e-01,5.13675451e-01,1.78071271e-01,1.12127649e-01,1.74167656e-01,1.60987002e-01,7.27179263e-01,2.39762072e-01,1.09755239e-01,2.17463483e-01,8.94398467e-01,2.99516570e-01,2.37027799e-01,3.31082020e-01,1.05681571e-02,2.20711245e-01,2.92660300e-02,6.04601086e-01,3.32137460e-01,4.67225692e-01,2.20987025e-01,1.60000757e-01,1.00627182e-01,6.72029351e-01,6.26542985e-01,5.99124253e-01,9.68145559e-01,5.61701693e-01,4.43756649e-01,4.85815933e-01,2.37893660e-02,6.18638060e-01,8.50607906e-02,6.53312836e-01,9.82333854e-01,9.57403059e-01,2.31413509e-01,5.15836026e-01,5.46441613e-01
"2005Q2",6.30784608e-01,3.76313285e-01,1.51670304e-01,8.93487566e-01,5.03401905e-01,4.60336272e-01,5.31985952e-01,2.14324661e-01,1.99988812e-01,4.93988294e-01,9.82246278e-01,1.85691119e-01,3.72083266e-01,6.76333123e-01,8.46593448e-01,5.63913503e-01,6.48711338e-01,4.40977182e-01,3.85913478e-01,4.97215710e-02,4.18740489e-02,1.69800958e-01,5.90764009e-01,1.11397187e-01,2.42628568e-01,9.36833056e-01,9.66174492e-01,2.56096228e-01,2.11069422e-01,6.31103174e-01,8.25966530e-01,8.91836308e-01,3.15882601e-01,6.82186067e-01,8.49498544e-01,6.59942132e-01,6.28328541e-01,5.16130725e-01,7.53187316e-01,5.66803336e-01,8.66938862e-01,7.20602256e-01,3.30030614e-01,8.58580053e-01,8.46172679e-02,9.18787889e-01,7.02017913e-01,6.52186213e-01,1.15301714e-01,7.70494471e-01,4.84892022e-01,1.92285131e-01,8.79256561e-01,4.20087048e-01,4.78701823e-01,2.00385563e-01,7.87397729e-02,1.83401581e-01,1.62243501e-01,4.66006513e-01,1.07369675e-01,4.90852759e-02,9.49646938e-01,2.40454797e-01,7.78107205e-01,6.18123993e-01,1.00862339e-01,6.31427675e-01,3.05439848e-01,2.09695675e-01,5.31101693e-01,3.57004448e-01,2.42940785e-01,7.81269084e-01,7.77282362e-01,6.46739083e-01,6.53207918e-01,8.16527342e-01,7.26742794e-01,7.52914143e-01,9.75893558e-02,6.82424363e-01,2.29517030e-01,3.20362344e-01,8.04838200e-01,2.58496837e-01,3.25925829e-01,8.47564771e-01,9.25936438e-02,4.54892682e-01,5.56749508e-01,6.31511659e-01,5.55024776e-01,5.44849909e-01,8.42945140e-01,6.10435169e-01,6.64184088e-01,9.47602464e-01,6.18901959e-01,7.33665562e-01,3.82385956e-01,8.04031963e-02,2.01801107e-01,5.49944779e-01,1.85054527e-01,9.39088173e-02,8.69964351e-01,7.27454800e-01,7.22809725e-01,7.16518446e-01,3.18027164e-01,5.74089156e-01,6.45032883e-01,2.35551273e-01,8.72699031e-01,6.26916372e-01,4.20691006e-01,5.22006821e-01,6.91363362e-02,5.96403776e-01,7.13503377e-01,5.51058337e-01,1.58936914e-01,3.28011924e-01,7.86548147e-02,4.01037531e-01,7.98496215e-01,1.35101404e-01,9.41265881e-01,9.30046865e-01,3.56470596e-01,2.91997727e-01,9.20619877e-01,7.17053150e-03,5.61629980e-01,9.61250636e-01,9.21595132e-01,8.86031252e-01,2.43035675e-01,4.26072208e-01,5.31822231e-01,4.36695160e-01
"2005Q3",6.41791243e-01,1.21741880e-01,4.94824244e-02,1.59684880e-01,5.88020711e-03,3.18710526e-01,5.07584301e-01,1.70452382e-01,1.96519526e-01,4.23573848e-01,4.15753844e-01,4.72839710e-01,4.24274644e-01,5.01684648e-01,3.37042968e-01,4.44133666e-01,9.11908320e-01,6.58947333e-01,1.64362100e-02,3.31655770e-01,3.51003499e-01,4.99074065e-01,5.06335507e-01,7.53069360e-02,6.08542725e-01,8.56937004e-01,2.47408730e-02,2.09775011e-01,1.44571964e-03,6.95532194e-01,3.24096282e-01,3.77681735e-01,7.32146773e-01,9.77392980e-01,6.54233377e-01,5.03101896e-01,4.25468672e-01,5.06171538e-01,8.02079185e-01,6.93115599e-01,1.96896454e-01,5.68713832e-01,3.15780140e-01,9.47992492e-01,6.33348568e-01,9.08922604e-01,8.95637887e-01,9.28119938e-01,3.15660389e-01,3.53388916e-02,8.33218043e-01,8.98134261e-01,8.65061767e-01,7.34110022e-02,5.85696854e-01,4.26563226e-01,8.67953051e-01,8.43593247e-01,1.46688413e-01,5.48158532e-01,8.06135868e-01,7.19694173e-01,4.00422954e-01,3.74866566e-01,9.67197534e-02,6.63599542e-01,4.17407788e-02,1.26733568e-01,8.21175813e-01,5.87914740e-01,3.22607180e-02,6.75481877e-01,5.58302196e-01,9.91145974e-01,6.44957778e-01,1.11286937e-01,3.30785884e-01,7.20063112e-01,3.33494369e-01,2.65169501e-01,1.06357329e-01,1.61218565e-01,7.47839046e-01,6.63587984e-01,1.17820832e-01,7.91264716e-01,4.54837897e-01,2.30725370e-01,4.83544266e-01,5.18616305e-01,8.58337826e-01,6.17115987e-01,3.24908066e-01,9.57502088e-01,8.68416134e-01,2.91582297e-01,6.82898317e-01,6.53340666e-01,4.64385849e-01,3.81244896e-01,9.06787436e-01,2.13290498e-01,3.75567162e-01,2.00925704e-01,7.25277407e-01,1.25196197e-01,1.09511208e-01,4.86973022e-01,8.05565544e-01,8.10665700e-02,2.86204218e-01,9.21953096e-01,7.86224432e-01,4.78506295e-01,3.75082794e-01,5.30038348e-01,4.80425531e-01,3.83858754e-01,8.85895881e-02,3.47654729e-01,6.29767712e-02,9.96468189e-01,5.25197758e-01,3.38135086e-01,3.10655587e-01,8.68276706e-01,1.00480243e-01,9.38512808e-01,7.61007181e-01,4.59226250e-02,4.31978251e-01,4.36021394e-01,3.62533154e-01,8.03531826e-01,2.27762631e-01,4.05431594e-01,2.92350425e-01,1.06709627e-01,6.28838596e-01,1.42782920e-01,1.31869164e-01,1.96771005e-01
"2005Q4",6.36527207e-01,3.66922319e-01,5.34938685e-01,4.22291979e-01,1.50863856e-02,9.10160448e-01,4.99120507e-01,3.46884624e-01,6.93574124e-01,5.52366461e-01,4.06485266e-01,9.63562413e-03,7.43126890e-01,1.13288005e-01,6.73993809e-01,1.61362973e-01,6.06076094e-01,4.47152215e-01,5.91907150e-01,7.29553685e-01,4.76647963e-01,4.52166200e-01,2.18438857e-01,9.96192028e-01,8.93183910e-01,8.90847381e-01,7.77839114e-01,3.14609804e-01,7.97611265e-01,4.03659878e-01,4.88386576e-01,2.50192901e-01,1.57648409e-01,1.85523906e-01,5.04257748e-01,6.00057240e-01,5.46370363e-01,2.55616556e-01,4.41405627e-01,9.78586411e-01,6.07393801e-01,2.35110091e-01,7.24586901e-01,3.76106775e-01,8.05086426e-01,8.05523857e-01,9.47973559e-01,8.04573515e-01,9.80796342e-01,6.07550299e-01,9.07464208e-02,3.89292223e-01,3.57425088e-01,8.71397058e-01,9.79591726e-01,7.33088493e-01,3.62770864e-01,7.15992939e-01,6.49803100e-01,5.32690922e-01,2.52058454e-01,7.40092862e-01,6.11386675e-01,2.04734613e-01,4.51954974e-01,6.16203412e-01,1.60518423e-01,5.80643664e-01,2.79882347e-01,8.22721895e-01,7.50156708e-01,3.35382251e-02,6.78500674e-01,8.49279003e-01,3.38064659e-01,5.05912521e-01,1.19203161e-01,1.22041807e-01,6.36822667e-02,5.25548325e-01,6.18698876e-01,1.41193716e-01,2.81946938e-01,9.05632647e-01,6.18350229e-01,7.27379890e-01,2.96880598e-01,1.95987913e-01,3.21797152e-01,1.49085761e-01,4.52762806e-01,6.43528902e-01,6.48535742e-01,1.87005170e-01,1.03637198e-01,5.50880164e-01,2.42328685e-01,3.40970833e-02,8.79031535e-01,9.04656415e-01,1.23876076e-01,3.88538275e-01,7.43166313e-01,6.37987235e-01,3.86088370e-02,1.88528969e-01,8.98298450e-01,5.06924766e-01,7.41832312e-01,7.36509297e-01,9.18011929e-01,9.78371413e-01,4.00258110e-01,9.07567239e-01,7.98419580e-01,5.14283809e-01,9.09834239e-01,5.87555667e-02,2.62430405e-01,4.44995207e-01,1.82439896e-01,6.67182112e-01,3.19739835e-01,8.67304972e-01,3.24245129e-01,9.57446762e-01,5.22668514e-01,4.67858070e-01,1.10870232e-01,3.29520134e-01,2.74073011e-01,6.79946475e-01,6.35395265e-02,2.42548873e-01,8.85068366e-01,6.85279902e-01,9.66800956e-01,6.20318819e-01,7.46147914e-01,9.88124590e-01,6.44132680e-01,2.04636451e-01
"",NaN,NaN,NaN,NaN,NaN,NaN,NaN,NaN,NaN,NaN,NaN,NaN,NaN,NaN,NaN,NaN,NaN,NaN,NaN,NaN,NaN,NaN,NaN,NaN,NaN,NaN,NaN,NaN,NaN,NaN,NaN,NaN,NaN,NaN,NaN,NaN,NaN,NaN,NaN,NaN,NaN,NaN,NaN,NaN,NaN,NaN,NaN,NaN,NaN,NaN,NaN,NaN,NaN,NaN,NaN,NaN,NaN,NaN,NaN,NaN,NaN,NaN,NaN,NaN,NaN,NaN,NaN,NaN,NaN,NaN,NaN,NaN,NaN,NaN,NaN,NaN,NaN,NaN,NaN,NaN,NaN,NaN,NaN,NaN,NaN,NaN,NaN,NaN,NaN,NaN,NaN,NaN,6.10403619e-01,7.70204795e-01,7.87310609e-01,5.40710590e-01,5.43729965e-01,3.88855596e-01,7.32685207e-01,1.93020658e-01,4.50573171e-02,2.87982380e-01,9.01100782e-01,4.53295101e-02,1.75246859e-01,4.65440774e-01,6.35193146e-01,9.19943156e-01,7.92085396e-01,8.37457454e-02,8.08546573e-01,9.04401414e-01,8.36795379e-01,6.63744525e-01,8.16787431e-01,7.01627648e-01,5.72124679e-01,7.14304521e-01,1.51457653e-01,1.46102874e-01,8.78017967e-01,8.88950285e-01,7.81342407e-01,6.75717065e-01,1.76900084e-01,2.13950999e-02,5.86882529e-02,9.33204497e-01,2.85132571e-01,7.16520854e-01,5.05806671e-01,2.52995263e-01,6.06513865e-01,7.92568586e-01,5.14031908e-01,4.06040727e-01,7.79414514e-01,8.71124671e-01,8.52528286e-01,8.48090701e-01,4.07307396e-01,9.01499184e-02
"",NaN,NaN,NaN,NaN,NaN,NaN,NaN,NaN,NaN,NaN,NaN,NaN,NaN,NaN,NaN,NaN,NaN,NaN,NaN,NaN,NaN,NaN,NaN,NaN,NaN,NaN,NaN,NaN,NaN,NaN,NaN,NaN,NaN,NaN,NaN,NaN,NaN,NaN,NaN,NaN,NaN,NaN,NaN,NaN,NaN,NaN,NaN,NaN,NaN,NaN,NaN,NaN,NaN,NaN,NaN,NaN,NaN,NaN,NaN,NaN,NaN,NaN,NaN,NaN,NaN,NaN,NaN,NaN,NaN,NaN,NaN,NaN,NaN,NaN,NaN,NaN,NaN,NaN,NaN,NaN,NaN,NaN,NaN,NaN,NaN,NaN,NaN,NaN,NaN,NaN,NaN,NaN,8.89626291e-02,8.37380501e-01,4.05960895e-01,9.00516271e-01,1.64229632e-01,8.73919423e-01,5.89215431e-01,8.90348095e-01,6.89603794e-01,1.49711341e-01,8.60453294e-01,7.20745667e-01,8.48634145e-01,1.71773403e-01,6.00993799e-01,2.15466762e-01,6.97821408e-01,8.91690619e-01,9.77464626e-01,5.06720447e-02,1.63049801e-01,4.35754294e-01,9.99012958e-01,3.73690660e-01,4.24835846e-01,7.78115617e-01,3.64139690e-01,1.76703073e-01,7.85639052e-01,3.58257868e-01,6.29339056e-02,1.69834660e-02,2.46012392e-01,9.44959177e-01,8.13646068e-01,9.73246865e-01,2.12596801e-01,3.14579416e-02,2.62959737e-01,8.72141780e-01,1.74102683e-01,7.98999751e-01,4.18641067e-01,9.94991604e-01,8.63146974e-02,5.88828184e-01,6.70857196e-01,9.28070501e-01,6.91721424e-01,4.52093509e-03
"",NaN,NaN,NaN,NaN,NaN,NaN,NaN,NaN,NaN,NaN,NaN,NaN,NaN,NaN,NaN,NaN,NaN,NaN,NaN,NaN,NaN,NaN,NaN,NaN,NaN,NaN,NaN,NaN,NaN,NaN,NaN,NaN,NaN,NaN,NaN,NaN,NaN,NaN,NaN,NaN,NaN,NaN,NaN,NaN,NaN,NaN,NaN,NaN,NaN,NaN,NaN,NaN,NaN,NaN,NaN,NaN,NaN,NaN,NaN,NaN,NaN,NaN,NaN,NaN,NaN,NaN,NaN,NaN,NaN,NaN,NaN,NaN,NaN,NaN,NaN,NaN,NaN,NaN,NaN,NaN,NaN,NaN,NaN,NaN,NaN,NaN,NaN,NaN,NaN,NaN,NaN,NaN,3.66805487e-01,9.08313740e-01,3.06966846e-01,7.09286455e-02,9.06588661e-01,3.88312005e-01,1.00644357e-01,2.58175695e-01,2.98120940e-01,6.33817004e-01,9.73288979e-01,4.24304460e-01,8.29908835e-01,5.21053744e-01,4.68421734e-01,1.35851467e-01,7.78400665e-01,8.88088940e-01,1.73098927e-01,4.12456319e-01,2.03313076e-01,8.53988580e-01,4.50887747e-02,6.14033077e-01,4.54417852e-01,7.16649735e-01,6.81044024e-01,5.82891473e-01,9.38705351e-01,4.34015037e-01,6.22343386e-01,5.17439253e-01,9.91838791e-01,9.21909258e-01,3.45685331e-01,2.84361627e-01,4.14766474e-01,2.42842986e-01,5.82414304e-03,5.36203301e-01,6.31263260e-01,2.05029490e-01,7.75304498e-01,8.37892178e-01,1.78891732e-01,7.65590096e-01,9.68776405e-01,8.72468017e-01,6.95268569e-01,1.87125972e-01
"",NaN,NaN,NaN,NaN,NaN,NaN,NaN,NaN,NaN,NaN,NaN,NaN,NaN,NaN,NaN,NaN,NaN,NaN,NaN,NaN,NaN,NaN,NaN,NaN,NaN,NaN,NaN,NaN,NaN,NaN,NaN,NaN,NaN,NaN,NaN,NaN,NaN,NaN,NaN,NaN,NaN,NaN,NaN,NaN,NaN,NaN,NaN,NaN,NaN,NaN,NaN,NaN,NaN,NaN,NaN,NaN,NaN,NaN,NaN,NaN,NaN,NaN,NaN,NaN,NaN,NaN,NaN,NaN,NaN,NaN,NaN,NaN,NaN,NaN,NaN,NaN,NaN,NaN,NaN,NaN,NaN,NaN,NaN,NaN,NaN,NaN,NaN,NaN,NaN,NaN,NaN,NaN,9.39952425e-01,6.30663071e-01,2.65203246e-02,9.83751606e-01,5.72722018e-01,7.46906921e-01,2.18782806e-02,4.13657130e-01,9.96560332e-01,1.13690918e-01,1.51505139e-01,5.15791061e-01,2.03961588e-01,6.75291176e-01,5.13904988e-01,4.41895186e-01,3.65185234e-01,5.69339414e-01,8.05187854e-01,3.11647927e-01,3.43979607e-01,3.96035289e-01,2.36802667e-01,3.07286921e-01,9.51207835e-01,1.19850378e-01,1.02128499e-01,4.19112322e-01,3.00211270e-01,7.33049223e-01,6.37053793e-01,5.12295530e-01,6.11304451e-01,6.10961586e-01,8.28924079e-01,5.38808753e-01,5.01671176e-01,3.06535683e-01,9.25009670e-01,9.12387495e-01,3.56817884e-01,4.91708106e-01,6.97213774e-01,2.45992290e-01,1.90303723e-01,7.47787764e-01,2.86565235e-03,3.94604404e-01,3.01760058e-01,6.51350077e-01
"",NaN,NaN,NaN,NaN,NaN,NaN,NaN,NaN,NaN,NaN,NaN,NaN,NaN,NaN,NaN,NaN,NaN,NaN,NaN,NaN,NaN,NaN,NaN,NaN,NaN,NaN,NaN,NaN,NaN,NaN,NaN,NaN,NaN,NaN,NaN,NaN,NaN,NaN,NaN,NaN,NaN,NaN,NaN,NaN,NaN,NaN,NaN,NaN,NaN,NaN,NaN,NaN,NaN,NaN,NaN,NaN,NaN,NaN,NaN,NaN,NaN,NaN,NaN,NaN,NaN,NaN,NaN,NaN,NaN,NaN,NaN,NaN,NaN,NaN,NaN,NaN,NaN,NaN,NaN,NaN,NaN,NaN,NaN,NaN,NaN,NaN,NaN,NaN,NaN,NaN,NaN,NaN,9.22813513e-01,5.93594449e-01,7.10455876e-01,9.05694005e-01,8.45280789e-01,7.41106015e-01,8.42969747e-02,3.27934192e-03,1.83931534e-01,7.34481428e-01,1.23157717e-01,9.11280736e-01,4.87527624e-01,8.68889721e-01,5.44773090e-01,2.22083612e-01,9.09672420e-01,8.47043241e-01,3.64399713e-01,4.23227146e-01,2.49130038e-01,4.68605073e-01,4.30905871e-01,9.28969635e-02,5.82945883e-01,3.23629575e-01,8.87078150e-01,3.02614694e-01,8.57206505e-01,9.94528890e-01,8.11052241e-02,3.96039092e-01,4.83004025e-01,4.90169170e-01,7.24963350e-01,1.25754474e-02,8.41203632e-01,8.33998919e-01,4.94492868e-01,4.65914646e-01,6.91071853e-01,8.50046809e-01,9.90275374e-01,4.16476693e-01,9.91795740e-02,1.26251327e-01,7.99642071e-02,3.77014796e-01,8.32079260e-01,5.95724108e-01
"",NaN,NaN,NaN,NaN,NaN,NaN,NaN,NaN,NaN,NaN,NaN,NaN,NaN,NaN,NaN,NaN,NaN,NaN,NaN,NaN,NaN,NaN,NaN,NaN,NaN,NaN,NaN,NaN,NaN,NaN,NaN,NaN,NaN,NaN,NaN,NaN,NaN,NaN,NaN,NaN,NaN,NaN,NaN,NaN,NaN,NaN,NaN,NaN,NaN,NaN,NaN,NaN,NaN,NaN,NaN,NaN,NaN,NaN,NaN,NaN,NaN,NaN,NaN,NaN,NaN,NaN,NaN,NaN,NaN,NaN,NaN,NaN,NaN,NaN,NaN,NaN,NaN,NaN,NaN,NaN,NaN,NaN,NaN,NaN,NaN,NaN,NaN,NaN,NaN,NaN,NaN,NaN,2.60857289e-01,7.72602644e-01,8.43627570e-01,9.38992607e-01,9.75702190e-01,2.29777947e-01,4.55152773e-01,5.45836334e-01,5.55146746e-01,8.90022407e-01,1.93804250e-01,7.49633769e-01,5.35435821e-01,7.56936935e-01,6.90247290e-01,2.36069492e-01,5.53157182e-01,1.26624391e-01,5.61876495e-01,9.14799426e-01,3.45701393e-01,4.49999154e-01,8.47239986e-01,6.62921453e-01,3.91435298e-01,8.66183743e-01,4.67241866e-01,4.54971174e-01,8.17726169e-01,4.76645212e-01,8.46314395e-01,9.20709741e-01,2.44265593e-01,4.44750798e-01,3.37293777e-01,1.57151077e-01,7.79606230e-01,5.21828662e-01,2.21062532e-01,3.73135010e-01,5.50318701e-02,6.25678071e-01,5.92910508e-01,3.69977011e-01,9.09900374e-01,6.36739923e-01,5.67704959e-01,2.57393599e-02,7.70458138e-01,9.42288014e-01
"",NaN,NaN,NaN,NaN,NaN,NaN,NaN,NaN,NaN,NaN,NaN,NaN,NaN,NaN,NaN,NaN,NaN,NaN,NaN,NaN,NaN,NaN,NaN,NaN,NaN,NaN,NaN,NaN,NaN,NaN,NaN,NaN,NaN,NaN,NaN,NaN,NaN,NaN,NaN,NaN,NaN,NaN,NaN,NaN,NaN,NaN,NaN,NaN,NaN,NaN,NaN,NaN,NaN,NaN,NaN,NaN,NaN,NaN,NaN,NaN,NaN,NaN,NaN,NaN,NaN,NaN,NaN,NaN,NaN,NaN,NaN,NaN,NaN,NaN,NaN,NaN,NaN,NaN,NaN,NaN,NaN,NaN,NaN,NaN,NaN,NaN,NaN,NaN,NaN,NaN,NaN,NaN,2.64573292e-01,2.73068649e-01,4.98878053e-02,6.71860398e-01,7.96367686e-01,9.23802035e-01,1.88318635e-01,3.45007071e-01,5.91298467e-01,4.42910302e-01,2.57629088e-01,9.62074886e-01,1.95502354e-01,9.84231752e-01,5.63029475e-01,2.75397413e-01,8.56432211e-01,2.04711203e-01,2.88411106e-01,2.84657921e-01,9.86380293e-01,3.23984194e-01,3.86435238e-01,2.85752043e-02,5.58077784e-01,6.75168652e-01,5.34877964e-01,4.03889549e-01,8.30411385e-01,3.31558468e-01,8.61935993e-01,9.91756825e-01,9.73911393e-01,3.96818677e-01,2.11463984e-01,3.51646794e-01,5.83654264e-01,1.15485341e-01,8.85052686e-01,6.93488919e-01,3.26877920e-01,2.14782166e-01,1.56334190e-01,7.91801127e-01,4.84247250e-02,9.03567412e-01,3.37405312e-01,7.74744415e-01,9.86868308e-01,6.40202863e-01
"",NaN,NaN,NaN,NaN,NaN,NaN,NaN,NaN,NaN,NaN,NaN,NaN,NaN,NaN,NaN,NaN,NaN,NaN,NaN,NaN,NaN,NaN,NaN,NaN,NaN,NaN,NaN,NaN,NaN,NaN,NaN,NaN,NaN,NaN,NaN,NaN,NaN,NaN,NaN,NaN,NaN,NaN,NaN,NaN,NaN,NaN,NaN,NaN,NaN,NaN,NaN,NaN,NaN,NaN,NaN,NaN,NaN,NaN,NaN,NaN,NaN,NaN,NaN,NaN,NaN,NaN,NaN,NaN,NaN,NaN,NaN,NaN,NaN,NaN,NaN,NaN,NaN,NaN,NaN,NaN,NaN,NaN,NaN,NaN,NaN,NaN,NaN,NaN,NaN,NaN,NaN,NaN,7.80330797e-01,8.23761504e-03,2.45631403e-01,7.26553521e-01,5.54124035e-01,1.72040543e-01,7.51257908e-02,6.45588024e-01,4.99036806e-01,4.08086391e-01,7.28177093e-01,7.57375037e-01,9.14186767e-01,2.19840023e-01,2.03872656e-01,1.38118805e-01,9.57510758e-01,4.94695798e-02,7.18679664e-01,5.74950603e-01,6.23950756e-01,8.70819418e-01,1.22806908e-01,3.84544831e-01,9.86554107e-01,2.39315831e-01,8.11182698e-02,8.92283757e-01,4.35450566e-01,6.05344501e-01,7.58723769e-01,5.54696004e-01,7.15415776e-01,1.51911568e-01,3.39840123e-01,7.73126733e-01,5.18982491e-01,1.39302437e-01,1.20334605e-01,7.56916473e-01,6.12816226e-01,9.72773504e-01,1.30790292e-01,3.21086712e-02,9.10023682e-01,3.33755943e-01,6.07000067e-01,3.52194686e-01,6.12174891e-01,4.49175040e-01
"",NaN,NaN,NaN,NaN,NaN,NaN,NaN,NaN,NaN,NaN,NaN,NaN,NaN,NaN,NaN,NaN,NaN,NaN,NaN,NaN,NaN,NaN,NaN,NaN,NaN,NaN,NaN,NaN,NaN,NaN,NaN,NaN,NaN,NaN,NaN,NaN,NaN,NaN,NaN,NaN,NaN,NaN,NaN,NaN,NaN,NaN,NaN,NaN,NaN,NaN,NaN,NaN,NaN,NaN,NaN,NaN,NaN,NaN,NaN,NaN,NaN,NaN,NaN,NaN,NaN,NaN,NaN,NaN,NaN,NaN,NaN,NaN,NaN,NaN,NaN,NaN,NaN,NaN,NaN,NaN,NaN,NaN,NaN,NaN,NaN,NaN,NaN,NaN,NaN,NaN,NaN,NaN,4.01907792e-01,2.68418805e-01,9.50156814e-01,9.33698254e-02,8.73106287e-01,8.30252720e-01,3.29066710e-01,9.32185482e-01,4.62559691e-01,4.13853498e-01,2.23366230e-01,4.38088029e-01,2.82773245e-01,1.72998558e-01,3.75176844e-01,1.76380198e-01,8.05097062e-01,6.92381560e-01,3.28518912e-01,8.06543937e-01,5.96264470e-01,8.83295224e-01,9.15261854e-01,7.20519119e-02,7.83623039e-01,2.84746420e-02,1.38553838e-01,4.20590348e-01,5.40584486e-01,7.73157784e-01,9.37734209e-01,5.70801383e-01,6.98390213e-01,8.70169256e-01,4.59291793e-01,3.20200864e-01,2.99080325e-01,4.04541140e-01,5.31992692e-01,9.08452447e-01,9.82823469e-01,5.36885217e-01,1.70356979e-01,7.96476226e-01,1.22042492e-01,4.90888003e-01,1.24433850e-01,1.98064106e-01,3.65637961e-01,3.76823100e-01
"",NaN,NaN,NaN,NaN,NaN,NaN,NaN,NaN,NaN,NaN,NaN,NaN,NaN,NaN,NaN,NaN,NaN,NaN,NaN,NaN,NaN,NaN,NaN,NaN,NaN,NaN,NaN,NaN,NaN,NaN,NaN,NaN,NaN,NaN,NaN,NaN,NaN,NaN,NaN,NaN,NaN,NaN,NaN,NaN,NaN,NaN,NaN,NaN,NaN,NaN,NaN,NaN,NaN,NaN,NaN,NaN,NaN,NaN,NaN,NaN,NaN,NaN,NaN,NaN,NaN,NaN,NaN,NaN,NaN,NaN,NaN,NaN,NaN,NaN,NaN,NaN,NaN,NaN,NaN,NaN,NaN,NaN,NaN,NaN,NaN,NaN,NaN,NaN,NaN,NaN,NaN,NaN,8.86455917e-01,5.33854639e-01,1.10080384e-01,1.35473402e-01,2.67553021e-01,4.10844510e-01,2.27286979e-01,5.87708284e-01,1.52769115e-01,8.78701889e-01,5.97042187e-01,4.55497176e-01,9.51048405e-01,9.22727968e-01,6.30855870e-01,3.72319538e-01,4.17961342e-01,2.93286013e-01,6.76988760e-01,7.18628208e-01,5.77291961e-01,3.43010473e-01,1.82327654e-01,2.91918444e-01,8.82224442e-02,2.63856454e-01,3.20832501e-02,7.40936599e-01,9.13597136e-01,3.85647040e-01,6.47618068e-01,2.32129975e-01,1.74839263e-01,4.85674195e-01,5.28747297e-01,5.53478215e-01,6.90151572e-01,1.59313689e-01,1.70326215e-01,6.23008410e-02,4.54661377e-01,8.34640614e-01,6.60196279e-02,3.40560200e-02,3.53663312e-01,2.25383933e-01,5.81614353e-01,6.89376090e-01,1.50739497e-01,8.79007885e-03
"",NaN,NaN,NaN,NaN,NaN,NaN,NaN,NaN,NaN,NaN,NaN,NaN,NaN,NaN,NaN,NaN,NaN,NaN,NaN,NaN,NaN,NaN,NaN,NaN,NaN,NaN,NaN,NaN,NaN,NaN,NaN,NaN,NaN,NaN,NaN,NaN,NaN,NaN,NaN,NaN,NaN,NaN,NaN,NaN,NaN,NaN,NaN,NaN,NaN,NaN,NaN,NaN,NaN,NaN,NaN,NaN,NaN,NaN,NaN,NaN,NaN,NaN,NaN,NaN,NaN,NaN,NaN,NaN,NaN,NaN,NaN,NaN,NaN,NaN,NaN,NaN,NaN,NaN,NaN,NaN,NaN,NaN,NaN,NaN,NaN,NaN,NaN,NaN,NaN,NaN,NaN,NaN,4.52187064e-01,2.25141131e-01,9.57974988e-01,8.10643082e-01,9.41065005e-01,7.70336837e-01,3.37171027e-01,2.60603012e-01,2.58558827e-01,5.27216252e-01,1.74088561e-01,5.11582849e-01,6.83168329e-01,8.98937260e-01,5.15161518e-01,9.86729222e-01,6.02931412e-01,7.47849574e-01,8.33545274e-01,9.01144383e-01,4.03034019e-01,9.53920850e-01,5.90776863e-01,2.13159570e-01,3.78497662e-01,7.48557583e-01,2.73419873e-01,2.67468360e-01,5.97722790e-01,2.03863305e-01,9.96026818e-01,7.98207198e-01,4.70388390e-01,8.59897319e-01,4.01205826e-01,3.80122291e-01,6.27909059e-01,9.44453176e-01,9.65588121e-01,7.83456960e-01,2.53327870e-01,8.15553693e-01,3.75278501e-01,1.84653089e-02,2.31771447e-01,7.64011332e-01,8.68003594e-01,2.12043217e-01,9.75700357e-01,2.16685968e-01
"",NaN,NaN,NaN,NaN,NaN,NaN,NaN,NaN,NaN,NaN,NaN,NaN,NaN,NaN,NaN,NaN,NaN,NaN,NaN,NaN,NaN,NaN,NaN,NaN,NaN,NaN,NaN,NaN,NaN,NaN,NaN,NaN,NaN,NaN,NaN,NaN,NaN,NaN,NaN,NaN,NaN,NaN,NaN,NaN,NaN,NaN,NaN,NaN,NaN,NaN,NaN,NaN,NaN,NaN,NaN,NaN,NaN,NaN,NaN,NaN,NaN,NaN,NaN,NaN,NaN,NaN,NaN,NaN,NaN,NaN,NaN,NaN,NaN,NaN,NaN,NaN,NaN,NaN,NaN,NaN,NaN,NaN,NaN,NaN,NaN,NaN,NaN,NaN,NaN,NaN,NaN,NaN,4.96988527e-01,9.12491012e-01,3.45386034e-01,8.45292596e-01,9.90263400e-01,3.40021883e-01,5.52447374e-01,8.99945853e-01,7.22380433e-01,1.27743797e-01,5.75221321e-01,2.33610094e-01,6.17910093e-01,3.77197442e-01,1.28801860e-01,8.58851072e-01,5.23060854e-01,5.34738954e-01,4.25012504e-02,5.53910515e-02,5.45446219e-01,3.09728268e-01,8.12350325e-01,7.21997396e-01,7.69504616e-01,4.30818300e-01,7.60616797e-01,2.44247434e-01,6.87106332e-03,3.86674044e-01,7.36215676e-01,2.37841357e-01,8.05089546e-01,7.28214625e-01,7.51922206e-01,7.50209670e-01,7.76411683e-01,1.29839532e-01,9.45125869e-01,1.67869976e-01,3.72223506e-02,5.54828209e-01,7.26358874e-01,4.47450824e-01,5.60724503e-01,4.04791852e-01,1.30699533e-01,1.11489810e-01,7.06263637e-01,4.43192322e-01
"",NaN,NaN,NaN,NaN,NaN,NaN,NaN,NaN,NaN,NaN,NaN,NaN,NaN,NaN,NaN,NaN,NaN,NaN,NaN,NaN,NaN,NaN,NaN,NaN,NaN,NaN,NaN,NaN,NaN,NaN,NaN,NaN,NaN,NaN,NaN,NaN,NaN,NaN,NaN,NaN,NaN,NaN,NaN,NaN,NaN,NaN,NaN,NaN,NaN,NaN,NaN,NaN,NaN,NaN,NaN,NaN,NaN,NaN,NaN,NaN,NaN,NaN,NaN,NaN,NaN,NaN,NaN,NaN,NaN,NaN,NaN,NaN,NaN,NaN,NaN,NaN,NaN,NaN,NaN,NaN,NaN,NaN,NaN,NaN,NaN,NaN,NaN,NaN,NaN,NaN,NaN,NaN,3.72961866e-01,1.12738541e-01,8.80448196e-01,1.02971862e-01,9.17370386e-01,8.91335242e-01,9.68311344e-01,1.72462357e-02,9.96347414e-01,2.11536127e-01,4.58982779e-01,4.39686691e-01,5.48731839e-01,1.37198561e-01,8.29810122e-01,7.33991228e-01,6.08297521e-01,3.27923015e-01,9.64167107e-01,8.60098342e-01,7.77425284e-01,9.31513844e-01,2.61161148e-01,7.05025026e-01,1.99407544e-01,9.50183091e-01,9.38730475e-01,1.65360309e-01,2.72338510e-01,6.50316031e-02,5.74790450e-02,5.73310730e-01,1.09709356e-01,5.42567726e-01,2.69389099e-02,9.85073387e-01,8.67993822e-01,2.27778467e-01,4.91663309e-01,8.32849221e-01,5.64769993e-01,4.28528098e-01,3.89103636e-01,8.37515941e-01,5.73308989e-01,9.60108033e-01,3.63704341e-01,9.42469565e-01,7.66585653e-01,3.39368241e-01